landing_page_id,landing_page_name,theme_id,theme_name,mapping_status,source_repeated_bds,error
1,"CTV (Pierre Poilievre News)",2,"Canada - CTV - English",safe_fallback,[],
2,"Elmundo (Pierre Poilievre News)",1,"Spain - Elmundo - Spanish",safe_fallback,[],
3,"Bloomberg (Pierre Poilievre News)",3,"Global - Bloomberg - English",safe_fallback,[],
19,"20 News (Pierre Poilievre News)",4,"Switzerland - 20 News - German",safe_fallback,"{""BD4"":2}",
20,"AI Site (Pierre Poilievre News)",5,"Switzerland - Watson - German",safe_fallback,"{""BD4"":2}",
21,"BBC NEWS (Pierre Poilievre News)",6,"Global - BBC NEWS - English",safe_fallback,"{""BD2"":2}",
22,"BILD NEWS (Pierre Poilievre News)",8,"Germany - BILD - German",safe_fallback,[],
23,"BLICK NEWS (Pierre Poilievre News)",9,"Switzerland - BLICK - German",safe_fallback,"{""BD4"":2}",
24,"CTV NEWS (Pierre Poilievre News)",10,"Canada - CTV - English",safe_fallback,[],
27,"MSN NEWS (Pierre Poilievre News)",11,"Global - MSN (Light) - English",safe_fallback,[],
28,"Suddeutsche Zeitung NEWS (Pierre Poilievre News)",12,"Germany - Suddeutsche Zeitung - German",safe_fallback,"{""BD2"":2}",
30,"Economia NEWS (Pierre Poilievre News)",13,"Spain - El Pais - Spanish",bd_mapped,[],
31,"LE MONDE NEWS (Pierre Poilievre News)",14,"France - LE MONDE - French",safe_fallback,[],
32,"TORONTO NEWS (Pierre Poilievre News)",17,"Canada - TORONTO NEWS - English",safe_fallback,[],
34,"9 NEWS (Pierre Poilievre News)",18,"Australia - 9 NEWS - English",safe_fallback,[],
35,"Kronen NEWS (Pierre Poilievre News)",19,"Austria - Kronen - German",safe_fallback,[],
36,"SPIEGEL NEWS (Pierre Poilievre News)",21,"Germany - SPIEGEL - German",safe_fallback,"{""BD2"":2,""BD3"":2}",
37,"SPIEGEL Netzwelt NEWS (Pierre Poilievre News)",22,"Germany - SPIEGEL Netzwelt - German",safe_fallback,"{""BD2"":3,""BD3"":3}",
38,"MSN FB DARK (Pierre Poilievre News)",23,"Global - Facebook  (MSN Account) (Dark Theme) - English",safe_fallback,"{""BD2"":2}",
41,"Tagesschau NEWS (Pierre Poilievre News)",16,"Germany - Tagesschau (light) - German",safe_fallback,[],
43,"MSN Dark German (Pierre Poilievre News German Dark)",32,"Global - MSN - (Dark) - German",safe_fallback,[],
44,"MSN Dark English (Pierre Poilievre News German Dark)",31,"Global - MSN - (Dark) - English",safe_fallback,[],
45,"MSN Dark German (Pierre Poilievre News German Dark)",32,"Global - MSN - (Dark) - German",safe_fallback,[],
46,"MSN Light Spanish (Pierre Poilievre News)",47,"Global - MSN (Light) - Spanish",bd_mapped,[],
47,"FINZA NEWS (Pierre Poilievre News)",44,"Germany - FINZA - German",bd_mapped,"{""BD3"":2,""BD2"":2}",
48,"GLOBAL NEWS (Pierre Poilievre News)",43,"Canada - GLOBAL News - English",safe_fallback,"{""BD2"":3}",
49,"CNN NEWS (Pierre Poilievre News)",42,"Global - CNN - English",safe_fallback,[],
50,"YAHOO NEWS (Pierre Poilievre News)",41,"Global - YAHOO! - English",safe_fallback,[],
51,"POLITICO NEWS (Pierre Poilievre News)",40,"Global - POLITICO - English",safe_fallback,[],
52,"JF NEWS (Pierre Poilievre News)",39,"Germany - Junge Freiheit - German",safe_fallback,"{""BD2"":2}",
54,"NYSE NEWS (Pierre Poilievre News)",37,"Global - NYSE - English",safe_fallback,"{""BD2"":2,""BD3"":2}",
55,"SKY NEWS (Pierre Poilievre News)",36,"UK - SKY NEWS - English",bd_mapped,[],
56,"FINANCIAL TIMES (Pierre Poilievre News)",38,"Global - FINANCIAL TIMES - English",safe_fallback,[],
87,"CTV (Pierre Poilievre News)",2,"Canada - CTV - English",safe_fallback,[],
160,"FINANCIAL TIMES (Pierre Poilievre News With Testimonial)",38,"Global - FINANCIAL TIMES - English",safe_fallback,[],
161,"NYSE NEWS (Pierre Poilievre News With Testimonial)",37,"Global - NYSE - English",safe_fallback,"{""BD2"":2,""BD3"":2}",
162,"YAHOO NEWS (Pierre Poilievre News With Testimonial)",41,"Global - YAHOO! - English",safe_fallback,[],
163,"THE US SUN (Pierre Poilievre News With Testimonial)",35,"United States - THE US SUN - English",safe_fallback,[],
164,"SKY NEWS (Pierre Poilievre News With Testimonial)",36,"UK - SKY NEWS - English",bd_mapped,[],
165,"MSN Light German (Pierre Poilievre News With Testimonial)",33,"Global - MSN - (Light) - German",safe_fallback,[],
166,"CNN NEWS (Pierre Poilievre News With Testimonial)",42,"Global - CNN - English",safe_fallback,[],
167,"MSN Light Spanish (Pierre Poilievre News With Testimonial)",47,"Global - MSN (Light) - Spanish",bd_mapped,[],
168,"FINZA NEWS (Pierre Poilievre News With Testimonial)",44,"Germany - FINZA - German",bd_mapped,"{""BD3"":2,""BD2"":2}",
169,"GLOBAL NEWS (Pierre Poilievre News With Testimonial)",43,"Canada - GLOBAL News - English",safe_fallback,"{""BD2"":3}",
170,"MSN Dark Spanish (Pierre Poilievre News Dark With Testimonial)",46,"Global - MSN (Dark) - Spanish",safe_fallback,[],
171,"EDGE Dark Spanish (Pierre Poilievre News Dark With Testimonial)",45,"Global - MSN EDGE (Dark) - Spanish",bd_mapped,[],
172,"MSN Dark Spanish (Pierre Poilievre News Dark With Testimonial)",46,"Global - MSN (Dark) - Spanish",safe_fallback,[],
189,"ouest france News (Pierre Poilievre News)",48,"France - ouest - French",safe_fallback,"{""BD2"":2,""BD3"":2}",
190,"ouest france News (Pierre Poilievre News With Testimonial)",48,"France - ouest - French",safe_fallback,"{""BD2"":2,""BD3"":2}",
196,"wallstreetbets (Pierre Poilievre News With Testimonial)",50,"Global - Reddit - Wallstreetbets - Light - English",bd_mapped,"{""BD3"":3,""BD2"":2}",
198,"El Pais (Pierre Poilievre News Dark Spanish)",13,"Spain - El Pais - Spanish",safe_fallback,[],
209,"Le Monde French (Pierre Poilievre News With Testimonial)",56,"France - Le Monde - French",safe_fallback,"{""BD2"":2,""BD3"":2}",
210,"Reddit - Wallstreetbets - Dark - German (Pierre Poilievre News Dark With Testimonial)",54,"Global - Reddit - Wallstreetbets - Dark - German",bd_mapped,"{""BD3"":3,""BD2"":2}",
217,"Elmundo (Pierre Poilievre News Dark Spanish (Copy))",1,"Spain - Elmundo - Spanish",safe_fallback,[],
220,"MSN Dark Spanish (Pierre Poilievre News Dark With Testimonial)",46,"Global - MSN (Dark) - Spanish",safe_fallback,[],
233,"Tagesschau NEWS (Muskfund DE)",16,"Germany - Tagesschau (light) - German",safe_fallback,[],
234,"Tagesschau NEWS (Muskfund DE)",16,"Germany - Tagesschau (light) - German",safe_fallback,[],
235,"Tagesschau NEWS (Merzfund DE)",16,"Germany - Tagesschau (light) - German",safe_fallback,[],
236,"GLOBAL NEWS (Pierre Poilievre News)",43,"Canada - GLOBAL News - English",safe_fallback,"{""BD2"":3}",
237,"CTV (Pierre Poilievre News)",2,"Canada - CTV - English",safe_fallback,[],
238,"BBC NEWS (Muskfund DE)",6,"Global - BBC NEWS - English",safe_fallback,"{""BD2"":2}",
239,"Politique (Pierre Poilievre News With Testimonial)",57,"France - Politique - French",safe_fallback,"{""BD2"":3,""BD3"":4}",
240,"El Pais (Pierre Poilievre News)",13,"Spain - El Pais - Spanish",safe_fallback,[],
242,"LEXPRESS NEWS (Pierre Poilievre News With Testimonial)",58,"France - LEXPRESS - French",bd_mapped,"{""BD2"":2,""BD3"":3}",
244,"VG NORWAY (Pierre Poilievre News With Testimonial)",59,"Norway - VG - Norwegian",safe_fallback,"{""BD4"":3}",
245,"VG NORWAY (Pierre Poilievre News With Testimonial)",59,"Norway - VG - Norwegian",bd_mapped,"{""BD4"":3}",
246,"Dagbladet NORWAY (Pierre Poilievre News With Testimonial)",60,"Norway - Dagbladet - Norwegian",bd_mapped,"{""BD4"":2}",
247,"VG NORWAY (Pierre Poilievre News)",59,"Norway - VG - Norwegian",safe_fallback,"{""BD4"":3}",
248,"Dagbladet NORWAY (Pierre Poilievre News)",60,"Norway - Dagbladet - Norwegian",safe_fallback,"{""BD4"":2}",
250,"TORONTO NEWS (Muskfund DE)",17,"Canada - TORONTO NEWS - English",safe_fallback,[],
251,"MSN NEWS (Muskfund DE)",11,"Global - MSN (Light) - English",safe_fallback,[],
252,"ESPN NEWS (Pierre Poilievre News)",20,"Global - ESPN - English",safe_fallback,"{""BD2"":2}",
253,"Nettavisen Nyheter NORWAY (Pierre Poilievre News With Testimonial)",62,"Norway - Nettavisen Nyheter - Norwegian",bd_mapped,[],
254,"Nettavisen Nyheter NORWAY (Pierre Poilievre News With Testimonial)",62,"Norway - Nettavisen Nyheter - Norwegian",bd_mapped,[],
255,"Bloomberg (Pierre Poilievre News)",3,"Global - Bloomberg - English",safe_fallback,[],
256,"Bloomberg (Muskfund DE)",3,"Global - Bloomberg - English",safe_fallback,[],
257,"Aftenpoften Norway (Pierre Poilievre News With Testimonial)",63,"Norway - Aftenpoften - Norwegian",bd_mapped,"{""BD2"":2,""BD3"":2}",
258,"SAPO 30 ANOS PORTUGAL (Pierre Poilievre News With Testimonial)",64,"Portugal - SAPO 30 ANOS - Portuguese",bd_mapped,"{""BD3"":3,""BD4"":2}",
263,"Kronen NEWS (Muskfund DE)",19,"Austria - Kronen - German",safe_fallback,[],
264,"iol Portugal (Pierre Poilievre News With Testimonial)",66,"Portugal - iol - Portuguese",safe_fallback,"{""BD2"":2}",
265,"Elmundo (Muskfund DE)",1,"Spain - Elmundo - Spanish",bd_mapped,[],
266,"CORREIO Portugal (Pierre Poilievre News With Testimonial)",67,"Portugal - CORREIO - Portuguese",safe_fallback,"{""BD2"":2,""BD3"":3}",
267,"Elmundo (Pierre Poilievre News Dark Spanish)",1,"Spain - Elmundo - Spanish",bd_mapped,[],
268,"Elmundo (Pierre Poilievre News Dark Spanish)",1,"Spain - Elmundo - Spanish",safe_fallback,[],
269,"POLITICA-AO-MINUTO PORTUGAL (Pierre Poilievre News With Testimonial)",68,"PORTUGAL - POLITICA-AO-MINUTO - Portuguese",safe_fallback,"{""BD3"":3}",
270,"Elmundo (Pierre Poilievre News)",1,"Spain - Elmundo - Spanish",bd_mapped,[],
271,"iol Portugal (Pierre Poilievre News)",66,"Portugal - iol - Portuguese",bd_mapped,"{""BD2"":2}",
272,"SAPO 30 ANOS PORTUGAL (Pierre Poilievre News)",64,"Portugal - SAPO 30 ANOS - Portuguese",safe_fallback,"{""BD3"":3,""BD4"":2}",
273,"Record PORTUGAL (Pierre Poilievre News)",65,"Portugal - Record - Portuguese",safe_fallback,"{""BD3"":3,""BD4"":2}",
274,"POLITICA-AO-MINUTO PORTUGAL (Pierre Poilievre News)",68,"PORTUGAL - POLITICA-AO-MINUTO - Portuguese",safe_fallback,"{""BD3"":3}",
275,"CORREIO Portugal (Pierre Poilievre News)",67,"Portugal - CORREIO - Portuguese",safe_fallback,"{""BD2"":2,""BD3"":3}",
283,"CORRIERE DELLA SERA ITALIAN (Pierre Poilievre News With Testimonial)",69,"Italy - CORRIERE DELLA SERA - ITALIAN",bd_mapped,"{""BD3"":2,""BD2"":2}",
284,"La Repubblica Italian (Pierre Poilievre News With Testimonial)",70,"Italy - La Repubblica - Italian",bd_mapped,"{""BD3"":4}",
285,"BILD NEWS (Pierre Poilievre News German)",8,"Germany - BILD - German",safe_fallback,[],
286,"Tagesschau NEWS (Pierre Poilievre News German)",16,"Germany - Tagesschau (light) - German",safe_fallback,[],
287,"NOTIZIE ITALIAN (Pierre Poilievre News With Testimonial)",71,"Italy - NOTIZIE - ITALIAN",bd_mapped,"{""BD3"":2}",
288,"CTV (Pierre Poilievre News)",2,"Canada - CTV - English",safe_fallback,[],
291,"CTV (Pierre Poilievre News)",2,"Canada - CTV - English",safe_fallback,[],
294,"BBC NEWS (Pierre Poilievre News)",6,"Global - BBC NEWS - English",safe_fallback,"{""BD2"":2}",
295,"CTV (Pierre Poilievre News)",2,"Canada - CTV - English",safe_fallback,[],
296,"fanpage ITALIAN (Pierre Poilievre News With Testimonial)",72,"Italy - fanpage - ITALIAN",safe_fallback,"{""BD3"":3,""BD2"":2}",
297,"ANSA ITALIAN (Pierre Poilievre News With Testimonial)",73,"Italy - ANSA - ITALIAN",bd_mapped,"{""BD2"":2,""BD3"":2}",
298,"Elmundo (Pierre Poilievre News)",1,"Spain - Elmundo - Spanish",bd_mapped,[],
310,"Tagesschau NEWS (Pierre Poilievre News German Dark)",16,"Germany - Tagesschau (light) - German",safe_fallback,[],
311,"Yahoo JAPAN (Pierre Poilievre News With Testimonial JAPENIES)",74,"Japan - Yahoo - Japanese",bd_mapped,"{""BD2"":2}",
312,"Yahoo JAPAN (Pierre Poilievre News With Testimonial JAPENIES)",74,"Japan - Yahoo - Japanese",bd_mapped,"{""BD2"":2}",
316,"Yahoo JAPAN (Pierre Poilievre News)",74,"Japan - Yahoo - Japanese",safe_fallback,"{""BD2"":2}",
318,"nikkei JAPANIES (Pierre Poilievre News With Testimonial JAPENIES)",76,"Japan - nikkei - Japanese",bd_mapped,"{""BD2"":2}",
320,"Tagesschau NEWS (Merzfund DE)",16,"Germany - Tagesschau (light) - German",safe_fallback,[],
321,"Tagesschau NEWS (Muskfund DE)",16,"Germany - Tagesschau (light) - German",safe_fallback,[],
325,"Tagesschau NEWS (MerzGrok)",16,"Germany - Tagesschau (light) - German",safe_fallback,[],
326,"yomiuri JAPANIES (Pierre Poilievre News With Testimonial JAPENIES)",77,"Japan - yomiuri - Japanese",bd_mapped,"{""BD2"":2}",
336,"onet Polish NEWS (Pierre Poilievre News With Testimonial)",79,"Poland - onet - Polish",bd_mapped,"{""BD2"":2,""BD3"":2}",
338,"TORONTO NEWS (Muskfund UK)",17,"Canada - TORONTO NEWS - English",safe_fallback,[],
339,"TORONTO NEWS (Pierre Poilievre News)",17,"Canada - TORONTO NEWS - English",safe_fallback,[],
340,"wydarzenia Polish (Pierre Poilievre News With Testimonial)",83,"Poland - Wydarzenia - Polish",bd_mapped,"{""BD2"":2}",
341,"wiadomosci Polish (Pierre Poilievre News With Testimonial)",82,"Poland - Wiadomosci - Polish",bd_mapped,[],
342,"O2 Polish (Pierre Poilievre News With Testimonial)",81,"Poland - O2 - Polish",bd_mapped,[],
343,"gazeta Polish (Pierre Poilievre News With Testimonial)",80,"Poland - gazeta - Polish",bd_mapped,"{""BD3"":2,""BD2"":2}",
345,"CBC NEWS (Muskfund DE)",25,"Canada - CBC - English",safe_fallback,[],
374,"EDGE Dark (Pierre Poilievre News)",97,"Australia - ABC - English",bd_mapped,"{""BD2"":2,""BD3"":2}",
375,"EDGE Dark German (Pierre Poilievre News)",28,"Global - MSN EDGE Browser (Dark) - German",bd_mapped,[],
376,"CBS NEWS (Pierre Poilievre News)",34,"Global - CBS - English",safe_fallback,"{""BD2"":2}",
377,"MSN Light German (Pierre Poilievre News)",33,"Global - MSN - (Light) - German",safe_fallback,[],
378,"THE US SUN (Pierre Poilievre News)",35,"United States - THE US SUN - English",safe_fallback,[],
379,"SKY NEWS (Pierre Poilievre News)",36,"UK - SKY NEWS - English",bd_mapped,[],
380,"NYSE NEWS (Pierre Poilievre News)",37,"Global - NYSE - English",safe_fallback,"{""BD2"":2,""BD3"":2}",
381,"FINANCIAL TIMES (Pierre Poilievre News)",38,"Global - FINANCIAL TIMES - English",safe_fallback,[],
382,"JF NEWS (Pierre Poilievre News)",39,"Germany - Junge Freiheit - German",safe_fallback,"{""BD2"":2}",
383,"POLITICO NEWS (Pierre Poilievre News)",40,"Global - POLITICO - English",safe_fallback,[],
384,"MSN Dark German (Pierre Poilievre News)",32,"Global - MSN - (Dark) - German",safe_fallback,[],
385,"YAHOO NEWS (Pierre Poilievre News)",41,"Global - YAHOO! - English",safe_fallback,[],
386,"CNN NEWS (Pierre Poilievre News)",42,"Global - CNN - English",safe_fallback,[],
387,"GLOBAL NEWS (Pierre Poilievre News)",43,"Canada - GLOBAL News - English",safe_fallback,"{""BD2"":3}",
388,"FINZA NEWS (Pierre Poilievre News)",44,"Germany - FINZA - German",bd_mapped,"{""BD3"":2,""BD2"":2}",
389,"EDGE Dark Spanish (Pierre Poilievre News)",45,"Global - MSN EDGE (Dark) - Spanish",bd_mapped,[],
390,"MSN Dark Spanish (Pierre Poilievre News)",46,"Global - MSN (Dark) - Spanish",safe_fallback,[],
391,"MSN Light Spanish (Pierre Poilievre News)",47,"Global - MSN (Light) - Spanish",bd_mapped,[],
392,"ouest france News (Pierre Poilievre News)",48,"France - ouest - French",safe_fallback,"{""BD2"":2,""BD3"":2}",
393,"Reddit (One) (Pierre Poilievre News)",49,"Global - Reddit (One) - English",bd_mapped,"{""BD3"":3}",
394,"Reddit - Wallstreetbets - Light - English (Pierre Poilievre News)",50,"Global - Reddit - Wallstreetbets - Light - English",bd_mapped,"{""BD3"":3,""BD2"":2}",
395,"MSN Dark English (Pierre Poilievre News)",31,"Global - MSN - (Dark) - English",safe_fallback,[],
396,"Reddit - Wallstreetbets - Light - German (Pierre Poilievre News)",51,"Global - Reddit - Wallstreetbets - Light - German",bd_mapped,"{""BD3"":3,""BD2"":2}",
397,"Reddit - Wallstreetbets - Light - Spanish (Pierre Poilievre News)",52,"Global - Reddit - Wallstreetbets - Light - Spanish",bd_mapped,"{""BD3"":3,""BD2"":2}",
398,"Reddit - Wallstreetbets - Dark - English (Pierre Poilievre News)",53,"Global - Reddit - Wallstreetbets - Dark - English",safe_fallback,"{""BD3"":3,""BD2"":2}",
399,"EDGE Light German (Pierre Poilievre News)",30,"Global - MSN EDGE Browser (Light) - German",bd_mapped,[],
400,"Reddit - Wallstreetbets - Dark - German (Pierre Poilievre News)",54,"Global - Reddit - Wallstreetbets - Dark - German",bd_mapped,"{""BD3"":3,""BD2"":2}",
401,"Reddit - Wallstreetbets - Dark - Spanish (Pierre Poilievre News)",55,"Global - Reddit - Wallstreetbets - Dark - Spanish",bd_mapped,"{""BD3"":3,""BD2"":2}",
402,"Le Monde French (Pierre Poilievre News)",56,"France - Le Monde - French",safe_fallback,"{""BD2"":2,""BD3"":2}",
403,"EDGE Light (Pierre Poilievre News)",29,"Global - MSN EDGE Browser (Light) - English",bd_mapped,[],
404,"Politique (Pierre Poilievre News)",57,"France - Politique - French",safe_fallback,"{""BD2"":3,""BD3"":4}",
405,"LEXPRESS NEWS (Pierre Poilievre News)",58,"France - LEXPRESS - French",bd_mapped,"{""BD2"":2,""BD3"":3}",
406,"VG NORWAY (Pierre Poilievre News)",59,"Norway - VG - Norwegian",bd_mapped,"{""BD4"":3}",
407,"Dagbladet NORWAY (Pierre Poilievre News)",60,"Norway - Dagbladet - Norwegian",bd_mapped,"{""BD4"":2}",
408,"E24 NORWAY (Pierre Poilievre News)",61,"Norway - E24 - Norwegian",safe_fallback,"{""BD4"":2,""BD3"":2}",
409,"Aftenpoften Norway (Pierre Poilievre News)",63,"Norway - Aftenpoften - Norwegian",bd_mapped,"{""BD2"":2,""BD3"":2}",
410,"SAPO 30 ANOS PORTUGAL (Pierre Poilievre News)",64,"Portugal - SAPO 30 ANOS - Portuguese",bd_mapped,"{""BD3"":3,""BD4"":2}",
411,"Nettavisen Nyheter NORWAY (Pierre Poilievre News)",62,"Norway - Nettavisen Nyheter - Norwegian",bd_mapped,[],
412,"Record PORTUGAL (Pierre Poilievre News)",65,"Portugal - Record - Portuguese",safe_fallback,"{""BD3"":3,""BD4"":2}",
413,"iol Portugal (Pierre Poilievre News)",66,"Portugal - iol - Portuguese",bd_mapped,"{""BD2"":2}",
414,"CORREIO Portugal (Pierre Poilievre News)",67,"Portugal - CORREIO - Portuguese",safe_fallback,"{""BD2"":2,""BD3"":3}",
415,"POLITICA-AO-MINUTO PORTUGAL (Pierre Poilievre News)",68,"PORTUGAL - POLITICA-AO-MINUTO - Portuguese",safe_fallback,"{""BD3"":3}",
416,"CORRIERE DELLA SERA ITALIAN (Pierre Poilievre News)",69,"Italy - CORRIERE DELLA SERA - ITALIAN",bd_mapped,"{""BD3"":2,""BD2"":2}",
417,"La Repubblica Italian (Pierre Poilievre News)",70,"Italy - La Repubblica - Italian",bd_mapped,"{""BD3"":4}",
418,"NOTIZIE ITALIAN (Pierre Poilievre News)",71,"Italy - NOTIZIE - ITALIAN",bd_mapped,"{""BD3"":2}",
419,"fanpage ITALIAN (Pierre Poilievre News)",72,"Italy - fanpage - ITALIAN",safe_fallback,"{""BD3"":3,""BD2"":2}",
420,"Elmundo (Pierre Poilievre News With Testimonial)",1,"Spain - Elmundo - Spanish",bd_mapped,[],
421,"CTV (Pierre Poilievre News With Testimonial)",2,"Canada - CTV - English",bd_mapped,[],
422,"Bloomberg (Pierre Poilievre News With Testimonial)",3,"Global - Bloomberg - English",bd_mapped,[],
423,"20 News (Pierre Poilievre News With Testimonial)",4,"Switzerland - 20 News - German",bd_mapped,"{""BD4"":2}",
424,"El Pais (Muskfund DE)",13,"Spain - El Pais - Spanish",safe_fallback,[],
425,"MSN NEWS (Pierre Poilievre News With Testimonial)",11,"Global - MSN (Light) - English",safe_fallback,[],
426,"MSN NEWS (Pierre Poilievre News With Testimonial)",11,"Global - MSN (Light) - English",bd_mapped,[],
427,"MSN Dark English (Pierre Poilievre News With Testimonial)",31,"Global - MSN - (Dark) - English",bd_mapped,[],
428,"MSN Dark German (Pierre Poilievre News With Testimonial)",32,"Global - MSN - (Dark) - German",bd_mapped,[],
429,"MSN Light German (Pierre Poilievre News With Testimonial)",33,"Global - MSN - (Light) - German",safe_fallback,[],
430,"Watson (Pierre Poilievre News With Testimonial)",5,"Switzerland - Watson - German",bd_mapped,"{""BD4"":2}",
431,"BBC NEWS (Pierre Poilievre News With Testimonial)",6,"Global - BBC NEWS - English",bd_mapped,"{""BD2"":2}",
432,"BILD NEWS (Pierre Poilievre News With Testimonial)",8,"Germany - BILD - German",safe_fallback,[],
433,"BLICK NEWS (Pierre Poilievre News With Testimonial)",9,"Switzerland - BLICK - German",bd_mapped,"{""BD4"":2}",
434,"CTV NEWS (Pierre Poilievre News With Testimonial)",10,"Canada - CTV - English",safe_fallback,[],
435,"MSN NEWS (Pierre Poilievre News With Testimonial)",11,"Global - MSN (Light) - English",bd_mapped,[],
437,"BILD NEWS (Pierre Poilievre News With Testimonial)",8,"Germany - BILD - German",bd_mapped,[],
438,"BILD NEWS (Pierre Poilievre News With Testimonial)",8,"Germany - BILD - German",bd_mapped,[],
439,"BILD NEWS (Pierre Poilievre News With Testimonial)",8,"Germany - BILD - German",bd_mapped,[],
440,"Tagesschau NEWS (Muskfund DE)",16,"Germany - Tagesschau (light) - German",safe_fallback,[],
441,"BBC NEWS (Muskfund DE)",6,"Global - BBC NEWS - English",safe_fallback,"{""BD2"":2}",
442,"Elmundo (Muskfund DE)",1,"Spain - Elmundo - Spanish",safe_fallback,[],
443,"Elmundo (Muskfund DE)",1,"Spain - Elmundo - Spanish",safe_fallback,[],
444,"fanpage ITALIAN (fusionmarketiq)",72,"Italy - fanpage - ITALIAN",safe_fallback,"{""BD3"":3,""BD2"":2}",
445,"ANSA ITALIAN (fusionmarketiq)",73,"Italy - ANSA - ITALIAN",bd_mapped,"{""BD2"":2,""BD3"":2}",
446,"fanpage ITALIAN (Nwealth)",72,"Italy - fanpage - ITALIAN",safe_fallback,"{""BD3"":3,""BD2"":2}",
447,"ANSA ITALIAN (Nwealth)",73,"Italy - ANSA - ITALIAN",bd_mapped,"{""BD2"":2,""BD3"":2}",
448,"fanpage ITALIAN (Nwealth)",72,"Italy - fanpage - ITALIAN",safe_fallback,"{""BD3"":3,""BD2"":2}",
449,"fanpage ITALIAN (fusionmarketiq)",72,"Italy - fanpage - ITALIAN",safe_fallback,"{""BD3"":3,""BD2"":2}",
450,"Suddeutsche Zeitung NEWS (Nwealth)",12,"Germany - Suddeutsche Zeitung - German",bd_mapped,"{""BD2"":2}",
451,"El Pais (Nwealth)",13,"Spain - El Pais - Spanish",bd_mapped,[],
452,"Tagesschau NEWS (Nwealth)",16,"Germany - Tagesschau (light) - German",bd_mapped,[],
453,"BILD NEWS (fusionmarketiq)",8,"Germany - BILD - German",bd_mapped,[],
454,"Tagesschau NEWS (Muskfund DE)",16,"Germany - Tagesschau (light) - German",safe_fallback,[],
455,"Elmundo (Muskfund DE)",1,"Spain - Elmundo - Spanish",safe_fallback,[],
456,"Tagesschau NEWS (Muskfund DE)",16,"Germany - Tagesschau (light) - German",bd_mapped,[],
457,"Tagesschau NEWS (Muskfund DE)",16,"Germany - Tagesschau (light) - German",safe_fallback,[],
458,"BBC NEWS (Pierre Poilievre News)",6,"Global - BBC NEWS - English",bd_mapped,"{""BD2"":2}",
459,"XI NEWS (Pierre Poilievre News With Testimonial)",84,"Global - X.ai (Official Grok Site) - English",safe_fallback,[],
460,"XI NEWS (Pierre Poilievre News With Testimonial)",84,"Global - X.ai (Official Grok Site) - English",bd_mapped,[],
461,"XI NEWS (Pierre Poilievre News With Testimonial)",84,"Global - X.ai (Official Grok Site) - English",bd_mapped,[],
462,"Tagesschau NEWS (Pierre Poilievre News)",16,"Germany - Tagesschau (light) - German",bd_mapped,[],
463,"CTV (Pierre Poilievre News)",2,"Canada - CTV - English",bd_mapped,[],
464,"CBC NEWS (Pierre Poilievre News)",25,"Canada - CBC - English",bd_mapped,[],
465,"ESPN NEWS (Pierre Poilievre News With Testimonial)",20,"Global - ESPN - English",bd_mapped,"{""BD2"":2}",
466,"XI NEWS (Muskfund DE)",84,"Global - X.ai (Official Grok Site) - English",bd_mapped,[],
468,"XI NEWS (Pierre Poilievre News German Dark)",84,"Global - X.ai (Official Grok Site) - English",bd_mapped,[],
469,"BILD NEWS (Pierre Poilievre News)",8,"Germany - BILD - German",bd_mapped,[],
470,"BBC NEWS (Muskfund DE)",6,"Global - BBC NEWS - English",safe_fallback,"{""BD2"":2}",
471,"BILD NEWS (Pierre Poilievre News)",8,"Germany - BILD - German",bd_mapped,[],
472,"BILD NEWS (Pierre Poilievre News German)",8,"Germany - BILD - German",bd_mapped,[],
475,"Elmundo (Muskfund DE)",1,"Spain - Elmundo - Spanish",safe_fallback,[],
476,"BILD NEWS (Pierre Poilievre News With Testimonial)",8,"Germany - BILD - German",bd_mapped,[],
477,"BILD NEWS (Pierre Poilievre News With Testimonial)",8,"Germany - BILD - German",bd_mapped,[],
478,"BILD NEWS (Pierre Poilievre News With Testimonial)",8,"Germany - BILD - German",bd_mapped,[],
479,"BILD NEWS (Pierre Poilievre News)",8,"Germany - BILD - German",bd_mapped,[],
480,"XI NEWS (Pierre Poilievre News)",84,"Global - X.ai (Official Grok Site) - English",bd_mapped,[],
481,"XI NEWS (Pierre Poilievre News With Testimonial)",84,"Global - X.ai (Official Grok Site) - English",bd_mapped,[],
482,"BBC NEWS (Pierre Poilievre News)",6,"Global - BBC NEWS - English",bd_mapped,"{""BD2"":2}",
483,"XI NEWS (Nwealth)",84,"Global - X.ai (Official Grok Site) - English",bd_mapped,[],
484,"Tagesschau NEWS (habeck-tag)",16,"Germany - Tagesschau (light) - German",bd_mapped,[],
485,"Elmundo (Muskfund DE)",1,"Spain - Elmundo - Spanish",safe_fallback,[],
486,"XI NEWS (Habeck Grok AI (Muskfund no musk))",84,"Global - X.ai (Official Grok Site) - English",bd_mapped,[],
487,"XI NEWS (Habeck Grok AI (Muskfund no musk))",84,"Global - X.ai (Official Grok Site) - English",safe_fallback,[],
488,"XI NEWS (Nigel Grok AI (Muskfund no musk))",84,"Global - X.ai (Official Grok Site) - English",safe_fallback,[],
489,"Suddeutsche Zeitung NEWS (Nigel Grok AI (Muskfund no musk))",12,"Germany - Suddeutsche Zeitung - German",bd_mapped,"{""BD2"":2}",
492,"CNN NEWS (Nigel Grok AI (Muskfund no musk))",42,"Global - CNN - English",safe_fallback,[],
493,"Elmundo (Nigel Grok AI (Muskfund no musk))",1,"Spain - Elmundo - Spanish",safe_fallback,[],
511,"TORONTO NEWS (Pierre Poilievre News With Testimonial)",17,"Canada - TORONTO NEWS - English",bd_mapped,[],
512,"9 NEWS (Pierre Poilievre News With Testimonial)",18,"Australia - 9 NEWS - English",bd_mapped,[],
513,"Kronen NEWS (Pierre Poilievre News With Testimonial)",19,"Austria - Kronen - German",bd_mapped,[],
514,"ESPN NEWS (Pierre Poilievre News With Testimonial)",20,"Global - ESPN - English",bd_mapped,"{""BD2"":2}",
515,"SPIEGEL NEWS (Pierre Poilievre News With Testimonial)",21,"Germany - SPIEGEL - German",bd_mapped,"{""BD2"":2,""BD3"":2}",
516,"SPIEGEL Netzwelt NEWS (Pierre Poilievre News With Testimonial)",22,"Germany - SPIEGEL Netzwelt - German",bd_mapped,"{""BD2"":3,""BD3"":3}",
517,"CBC NEWS (Pierre Poilievre News With Testimonial)",25,"Canada - CBC - English",bd_mapped,[],
518,"FOX Business (Pierre Poilievre News With Testimonial)",26,"Global - FOX - English",bd_mapped,"{""BD2"":2}",
519,"EDGE Dark (Pierre Poilievre News With Testimonial)",27,"Global - MSN EDGE Browser (Dark) - English",bd_mapped,[],
520,"EDGE Dark German (Pierre Poilievre News With Testimonial)",28,"Global - MSN EDGE Browser (Dark) - German",bd_mapped,[],
521,"EDGE Light (Pierre Poilievre News With Testimonial)",29,"Global - MSN EDGE Browser (Light) - English",bd_mapped,[],
522,"EDGE Light German (Pierre Poilievre News With Testimonial)",30,"Global - MSN EDGE Browser (Light) - German",bd_mapped,[],
523,"MSN Dark English (Pierre Poilievre News With Testimonial)",31,"Global - MSN - (Dark) - English",bd_mapped,[],
524,"MSN Dark German (Pierre Poilievre News With Testimonial)",32,"Global - MSN - (Dark) - German",bd_mapped,[],
525,"MSN Light German (Pierre Poilievre News With Testimonial)",33,"Global - MSN - (Light) - German",safe_fallback,[],
526,"THE US SUN (Pierre Poilievre News With Testimonial)",35,"United States - THE US SUN - English",safe_fallback,[],
527,"CBS NEWS (Pierre Poilievre News With Testimonial)",34,"Global - CBS - English",safe_fallback,"{""BD2"":2}",
528,"SKY NEWS (Pierre Poilievre News With Testimonial)",36,"UK - SKY NEWS - English",bd_mapped,[],
529,"NYSE NEWS (Pierre Poilievre News With Testimonial)",37,"Global - NYSE - English",safe_fallback,"{""BD2"":2,""BD3"":2}",
530,"FINANCIAL TIMES (Pierre Poilievre News With Testimonial)",38,"Global - FINANCIAL TIMES - English",safe_fallback,[],
531,"JF NEWS (Pierre Poilievre News With Testimonial)",39,"Germany - Junge Freiheit - German",safe_fallback,"{""BD2"":2}",
532,"POLITICO NEWS (Pierre Poilievre News With Testimonial)",40,"Global - POLITICO - English",safe_fallback,[],
533,"Yahoo JAPAN (fusionmarketiq)",74,"Japan - Yahoo - Japanese",bd_mapped,"{""BD2"":2}",
534,"CoinDesk NEWS (fusionmarketiq)",15,"Global - CoinDesk English",bd_mapped,[],
535,"EDGE Dark (Pierre Poilievre News With Testimonial)",27,"Global - MSN EDGE Browser (Dark) - English",bd_mapped,[],
536,"EDGE Dark German (Pierre Poilievre News With Testimonial)",28,"Global - MSN EDGE Browser (Dark) - German",bd_mapped,[],
537,"EDGE Light (Pierre Poilievre News With Testimonial)",29,"Global - MSN EDGE Browser (Light) - English",bd_mapped,[],
538,"EDGE Light German (Pierre Poilievre News With Testimonial)",30,"Global - MSN EDGE Browser (Light) - German",bd_mapped,[],
539,"MSN Dark English (Pierre Poilievre News With Testimonial)",31,"Global - MSN - (Dark) - English",bd_mapped,[],
540,"MSN Dark German (Pierre Poilievre News With Testimonial)",32,"Global - MSN - (Dark) - German",bd_mapped,[],
541,"MSN Light German (Pierre Poilievre News With Testimonial)",33,"Global - MSN - (Light) - German",bd_mapped,[],
542,"CBS NEWS (Pierre Poilievre News With Testimonial)",34,"Global - CBS - English",bd_mapped,"{""BD2"":2}",
543,"THE US SUN (Pierre Poilievre News With Testimonial)",35,"United States - THE US SUN - English",bd_mapped,[],
544,"SKY NEWS (Pierre Poilievre News With Testimonial)",36,"UK - SKY NEWS - English",bd_mapped,[],
545,"NYSE NEWS (Pierre Poilievre News With Testimonial)",37,"Global - NYSE - English",bd_mapped,"{""BD2"":2,""BD3"":2}",
546,"FINANCIAL TIMES (Pierre Poilievre News With Testimonial)",38,"Global - FINANCIAL TIMES - English",bd_mapped,[],
547,"JF NEWS (Pierre Poilievre News With Testimonial)",39,"Germany - Junge Freiheit - German",bd_mapped,"{""BD2"":2}",
548,"FOX Business (Pierre Poilievre News With Testimonial)",26,"Global - FOX - English",bd_mapped,"{""BD2"":2}",
549,"POLITICO NEWS (Pierre Poilievre News With Testimonial)",40,"Global - POLITICO - English",safe_fallback,[],
550,"POLITICO NEWS (Pierre Poilievre News With Testimonial)",40,"Global - POLITICO - English",bd_mapped,[],
551,"POLITICO NEWS (Pierre Poilievre News With Testimonial)",40,"Global - POLITICO - English",bd_mapped,[],
552,"POLITICO NEWS (Pierre Poilievre News With Testimonial)",40,"Global - POLITICO - English",bd_mapped,[],
553,"Elmundo (Nigel Grok AI (Muskfund no musk))",1,"Spain - Elmundo - Spanish",safe_fallback,[],
554,"YAHOO NEWS (Pierre Poilievre News With Testimonial)",41,"Global - YAHOO! - English",safe_fallback,[],
555,"CNN NEWS (Pierre Poilievre News With Testimonial)",42,"Global - CNN - English",safe_fallback,[],
556,"GLOBAL NEWS (Pierre Poilievre News With Testimonial)",43,"Canada - GLOBAL News - English",safe_fallback,"{""BD2"":3}",
557,"FINZA NEWS (Pierre Poilievre News With Testimonial)",44,"Germany - FINZA - German",bd_mapped,"{""BD3"":2,""BD2"":2}",
558,"EDGE Dark Spanish (Pierre Poilievre News With Testimonial)",45,"Global - MSN EDGE (Dark) - Spanish",bd_mapped,[],
559,"MSN Dark Spanish (Pierre Poilievre News With Testimonial)",46,"Global - MSN (Dark) - Spanish",safe_fallback,[],
560,"MSN Light Spanish (Pierre Poilievre News With Testimonial)",47,"Global - MSN (Light) - Spanish",bd_mapped,[],
561,"ouest france News (Pierre Poilievre News With Testimonial)",48,"France - ouest - French",safe_fallback,"{""BD2"":2,""BD3"":2}",
562,"Reddit (One) (Pierre Poilievre News With Testimonial)",49,"Global - Reddit (One) - English",bd_mapped,"{""BD3"":3}",
563,"Reddit - Wallstreetbets - Light - English (Pierre Poilievre News With Testimonial)",50,"Global - Reddit - Wallstreetbets - Light - English",bd_mapped,"{""BD3"":3,""BD2"":2}",
564,"Reddit - Wallstreetbets - Light - German (Pierre Poilievre News With Testimonial)",51,"Global - Reddit - Wallstreetbets - Light - German",bd_mapped,"{""BD3"":3,""BD2"":2}",
565,"Reddit - Wallstreetbets - Light - Spanish (Pierre Poilievre News With Testimonial)",52,"Global - Reddit - Wallstreetbets - Light - Spanish",bd_mapped,"{""BD3"":3,""BD2"":2}",
566,"Reddit - Wallstreetbets - Dark - English (Pierre Poilievre News With Testimonial)",53,"Global - Reddit - Wallstreetbets - Dark - English",safe_fallback,"{""BD3"":3,""BD2"":2}",
567,"Reddit - Wallstreetbets - Dark - German (Pierre Poilievre News With Testimonial)",54,"Global - Reddit - Wallstreetbets - Dark - German",bd_mapped,"{""BD3"":3,""BD2"":2}",
568,"Reddit - Wallstreetbets - Dark - Spanish (Pierre Poilievre News With Testimonial)",55,"Global - Reddit - Wallstreetbets - Dark - Spanish",bd_mapped,"{""BD3"":3,""BD2"":2}",
569,"Le Monde French (Pierre Poilievre News With Testimonial)",56,"France - Le Monde - French",safe_fallback,"{""BD2"":2,""BD3"":2}",
570,"Le Monde French (Pierre Poilievre News With Testimonial)",56,"France - Le Monde - French",safe_fallback,"{""BD2"":2,""BD3"":2}",
571,"Politique (Pierre Poilievre News With Testimonial)",57,"France - Politique - French",safe_fallback,"{""BD2"":3,""BD3"":4}",
572,"E24 NORWAY (Pierre Poilievre News With Testimonial)",61,"Norway - E24 - Norwegian",safe_fallback,"{""BD4"":2,""BD3"":2}",
573,"Record PORTUGAL (Pierre Poilievre News With Testimonial)",65,"Portugal - Record - Portuguese",safe_fallback,"{""BD3"":3,""BD4"":2}",
574,"CORREIO Portugal (Pierre Poilievre News With Testimonial)",67,"Portugal - CORREIO - Portuguese",safe_fallback,"{""BD2"":2,""BD3"":3}",
575,"POLITICA-AO-MINUTO PORTUGAL (Pierre Poilievre News With Testimonial)",68,"PORTUGAL - POLITICA-AO-MINUTO - Portuguese",safe_fallback,"{""BD3"":3}",
576,"La Repubblica Italian (Pierre Poilievre News With Testimonial)",70,"Italy - La Repubblica - Italian",bd_mapped,"{""BD3"":4}",
577,"fanpage ITALIAN (Pierre Poilievre News With Testimonial)",72,"Italy - fanpage - ITALIAN",safe_fallback,"{""BD3"":3,""BD2"":2}",
578,"GLOBAL NEWS (Nigel Grok AI (Muskfund no musk))",43,"Canada - GLOBAL News - English",safe_fallback,"{""BD2"":3}",
579,"CTV (Muskfund DE)",2,"Canada - CTV - English",bd_mapped,[],
580,"BILD NEWS (Nigel Grok AI (Muskfund no musk))",8,"Germany - BILD - German",bd_mapped,[],
581,"TORONTO NEWS (Nigel Grok AI (Muskfund no musk))",17,"Canada - TORONTO NEWS - English",bd_mapped,[],
582,"SKY NEWS (Nigel Grok AI (Muskfund no musk))",36,"UK - SKY NEWS - English",bd_mapped,[],
583,"Elmundo (Pierre Poilievre News With Testimonial)",1,"Spain - Elmundo - Spanish",bd_mapped,[],
584,"BBC NEWS (Pierre Poilievre News German Dark)",6,"Global - BBC NEWS - English",bd_mapped,"{""BD2"":2}",
585,"GLOBAL NEWS (Pierre Poilievre News German Dark)",43,"Canada - GLOBAL News - English",safe_fallback,"{""BD2"":3}",
586,"GLOBAL NEWS (Nigel Grok AI (Muskfund no musk))",43,"Canada - GLOBAL News - English",safe_fallback,"{""BD2"":3}",
588,"TORONTO NEWS (Pierre Poilievre News Dark)",17,"Canada - TORONTO NEWS - English",bd_mapped,[],
592,"GLOBAL NEWS (Nigel Grok AI (Muskfund no musk))",43,"Canada - GLOBAL News - English",safe_fallback,"{""BD2"":3}",
595,"BILD NEWS (Nigel Grok AI (Muskfund no musk))",8,"Germany - BILD - German",bd_mapped,[],
596,"Suddeutsche Zeitung NEWS (Nigel Grok AI (Muskfund no musk))",12,"Germany - Suddeutsche Zeitung - German",safe_fallback,"{""BD2"":2}",
599,"Elmundo (Nigel Grok AI (Muskfund no musk))",1,"Spain - Elmundo - Spanish",safe_fallback,[],
602,"GLOBAL NEWS (Pierre Poilievre News With Testimonial)",43,"Canada - GLOBAL News - English",bd_mapped,"{""BD2"":3}",
603,"GLOBAL NEWS (Pierre Poilievre News German)",43,"Canada - GLOBAL News - English",bd_mapped,"{""BD2"":3}",
604,"Elmundo (Nigel Grok AI (Muskfund no musk))",1,"Spain - Elmundo - Spanish",safe_fallback,[],
605,"El Pais (Pierre Poilievre News)",13,"Spain - El Pais - Spanish",bd_mapped,[],
607,"El Pais (Pierre Poilievre News With Testimonial)",13,"Spain - El Pais - Spanish",bd_mapped,[],
608,"El Pais (Nigel Grok AI (Muskfund no musk))",13,"Spain - El Pais - Spanish",safe_fallback,[],
609,"XI NEWS (Nigel Grok AI (Muskfund no musk))",84,"Global - X.ai (Official Grok Site) - English",safe_fallback,[],
610,"El Pais (Nigel Grok AI (Muskfund no musk))",13,"Spain - El Pais - Spanish",safe_fallback,[],
611,"El Pais (Nigel Grok AI (Muskfund no musk))",13,"Spain - El Pais - Spanish",safe_fallback,[],
612,"XI NEWS (Nigel Grok AI (Muskfund no musk))",84,"Global - X.ai (Official Grok Site) - English",safe_fallback,[],
614,"XI NEWS (Nigel Grok AI (Muskfund no musk))",84,"Global - X.ai (Official Grok Site) - English",safe_fallback,[],
615,"GLOBAL NEWS (Nigel Grok AI (Muskfund no musk))",43,"Canada - GLOBAL News - English",bd_mapped,"{""BD2"":3}",
616,"GLOBAL NEWS (Nigel Grok AI (Muskfund no musk))",43,"Canada - GLOBAL News - English",bd_mapped,"{""BD2"":3}",
619,"dinfoaktuell NEWS (dinfoaktuell angle)",85,"Global - dinfoaktuell (WH) - German",safe_fallback,"{""BD3"":2}",
620,"9 NEWS (Nigel Grok AI (Muskfund no musk))",18,"Australia - 9 NEWS - English",safe_fallback,[],
622,"dinfoaktuell NEWS (Pierre Poilievre News With Testimonial)",85,"Global - dinfoaktuell (WH) - German",safe_fallback,"{""BD3"":2}",
625,"dinfoaktuell NEWS (Nwealth)",85,"Global - dinfoaktuell (WH) - German",safe_fallback,"{""BD3"":2}",
626,"GLOBAL NEWS (Pierre Poilievre News With Testimonial)",43,"Canada - GLOBAL News - English",safe_fallback,"{""BD2"":3}",
627,"GLOBAL NEWS (Pierre Poilievre News With Testimonial)",43,"Canada - GLOBAL News - English",bd_mapped,"{""BD2"":3}",
628,"BBC NEWS (Nigel Grok AI (Muskfund no musk))",6,"Global - BBC NEWS - English",safe_fallback,"{""BD2"":2}",
629,"BBC NEWS (dinfoaktuell angle)",6,"Global - BBC NEWS - English",bd_mapped,"{""BD2"":2}",
631,"GLOBAL NEWS (Pierre Poilievre News With Testimonial)",43,"Canada - GLOBAL News - English",bd_mapped,"{""BD2"":3}",
632,"GLOBAL NEWS (Nigel Grok AI (Muskfund no musk))",43,"Canada - GLOBAL News - English",safe_fallback,"{""BD2"":3}",
633,"GLOBAL NEWS (Pierre Poilievre News Dark)",43,"Canada - GLOBAL News - English",bd_mapped,"{""BD2"":3}",
635,"TORONTO NEWS (Nigel Grok AI (Muskfund no musk))",17,"Canada - TORONTO NEWS - English",safe_fallback,[],
638,"Kronen NEWS (Nigel Grok AI (Muskfund no musk))",19,"Austria - Kronen - German",safe_fallback,[],
639,"TORONTO NEWS (Nigel Grok AI (Muskfund no musk))",17,"Canada - TORONTO NEWS - English",safe_fallback,[],
640,"BBC NEWS (Nigel Grok AI (Muskfund no musk))",6,"Global - BBC NEWS - English",safe_fallback,"{""BD2"":2}",
642,"GLOBAL NEWS (Pierre Poilievre News)",43,"Canada - GLOBAL News - English",safe_fallback,"{""BD2"":3}",
643,"TORONTO NEWS (Nigel Grok AI (Muskfund no musk))",17,"Canada - TORONTO NEWS - English",safe_fallback,[],
646,"Tagesschau NEWS (Nigel Grok AI (Muskfund no musk))",16,"Germany - Tagesschau (light) - German",safe_fallback,[],
647,"Suddeutsche Zeitung NEWS (Nigel Grok AI (Muskfund no musk))",12,"Germany - Suddeutsche Zeitung - German",safe_fallback,"{""BD2"":2}",
648,"Kronen NEWS (Muskfund DE (Copy))",19,"Austria - Kronen - German",bd_mapped,[],
649,"Kronen NEWS (Nigel Grok AI (Muskfund no musk))",19,"Austria - Kronen - German",safe_fallback,[],
650,"CTV (Nigel Grok AI (Muskfund no musk))",2,"Canada - CTV - English",bd_mapped,[],
651,"BBC NEWS (Nigel Grok AI (Muskfund no musk))",6,"Global - BBC NEWS - English",safe_fallback,"{""BD2"":2}",
652,"CBC NEWS (Nigel Grok AI (Muskfund no musk))",25,"Canada - CBC - English",safe_fallback,[],
653,"Tagesschau NEWS (Nigel Grok AI (Muskfund no musk))",16,"Germany - Tagesschau (light) - German",safe_fallback,[],
654,"Suddeutsche Zeitung NEWS (Nigel Grok AI (Muskfund no musk))",12,"Germany - Suddeutsche Zeitung - German",safe_fallback,"{""BD2"":2}",
655,"BBC NEWS (Nigel Grok AI (Muskfund no musk))",6,"Global - BBC NEWS - English",safe_fallback,"{""BD2"":2}",
656,"TORONTO NEWS (Nigel Grok AI (Muskfund no musk))",17,"Canada - TORONTO NEWS - English",safe_fallback,[],
657,"CBC NEWS (Nigel Grok AI (Muskfund no musk))",25,"Canada - CBC - English",safe_fallback,[],
659,"dinfoaktuell NEWS (Dinfoaktuell angle (Novelix))",85,"Global - dinfoaktuell (WH) - German",bd_mapped,"{""BD3"":2}",
660,"dinfoaktuell NEWS (Dinfoaktuell angle (Novelix))",85,"Global - dinfoaktuell (WH) - German",bd_mapped,"{""BD3"":2}",
661,"Kronen NEWS (Nigel Grok AI (Muskfund no musk))",19,"Austria - Kronen - German",bd_mapped,[],
662,"CTV (Muskfund DE (Copy))",2,"Canada - CTV - English",bd_mapped,[],
663,"BBC NEWS (Nigel Grok AI (Muskfund no musk) (Copy))",6,"Global - BBC NEWS - English",bd_mapped,"{""BD2"":2}",
664,"SKY NEWS (Nigel Grok AI (Muskfund no musk) (Copy))",36,"UK - SKY NEWS - English",bd_mapped,[],
665,"BBC NEWS (Pierre Poilievre News (Copy))",6,"Global - BBC NEWS - English",bd_mapped,"{""BD2"":2}",
666,"MSN NEWS (Pierre Poilievre News (Copy))",11,"Global - MSN (Light) - English",bd_mapped,[],
667,"CTV NEWS (Pierre Poilievre News (Copy))",10,"Canada - CTV - English",bd_mapped,[],
668,"BLICK NEWS (Pierre Poilievre News (Copy))",9,"Switzerland - BLICK - German",bd_mapped,"{""BD4"":2}",
669,"Elmundo (Pierre Poilievre News)",1,"Spain - Elmundo - Spanish",bd_mapped,[],
670,"Elmundo (Pierre Poilievre News (Copy))",1,"Spain - Elmundo - Spanish",bd_mapped,[],
671,"CTV (Pierre Poilievre News (Copy))",2,"Canada - CTV - English",bd_mapped,[],
672,"Elmundo (Pierre Poilievre News (Copy))",1,"Spain - Elmundo - Spanish",bd_mapped,[],
674,"TORONTO NEWS (Muskfund DE)",17,"Canada - TORONTO NEWS - English",bd_mapped,[],
675,"dinfoaktuell NEWS (dinfoaktuell angle)",85,"Global - dinfoaktuell (WH) - German",bd_mapped,"{""BD3"":2}",
676,"dinfoaktuell NEWS (Dinfoaktuell angle (Novelix))",85,"Global - dinfoaktuell (WH) - German",bd_mapped,"{""BD3"":2}",
677,"dinfoaktuell NEWS (dinfoaktuell angle)",85,"Global - dinfoaktuell (WH) - German",bd_mapped,"{""BD3"":2}",
680,"TORONTO NEWS (Nigel Grok AI (Muskfund no musk) (Copy))",17,"Canada - TORONTO NEWS - English",safe_fallback,[],
681,"BBC NEWS (Nigel Grok AI (Muskfund no musk) (Copy))",6,"Global - BBC NEWS - English",bd_mapped,"{""BD2"":2}",
682,"BBC NEWS (Nigel Grok AI (Muskfund no musk))",6,"Global - BBC NEWS - English",safe_fallback,"{""BD2"":2}",
683,"9 NEWS (Nigel Grok AI (Muskfund no musk))",18,"Australia - 9 NEWS - English",safe_fallback,[],
684,"Kronen NEWS (Nigel Grok AI (Muskfund no musk))",19,"Austria - Kronen - German",safe_fallback,[],
685,"dinfoaktuell NEWS (Dinfoaktuell angle (Electra))",85,"Global - dinfoaktuell (WH) - German",safe_fallback,"{""BD3"":2}",
686,"dinfoaktuell NEWS (dinfoaktuell angle)",85,"Global - dinfoaktuell (WH) - German",bd_mapped,"{""BD3"":2}",
687,"TORONTO NEWS (Nigel Grok AI (Muskfund no musk))",17,"Canada - TORONTO NEWS - English",safe_fallback,[],
693,"GLOBAL NEWS (Pierre Poilievre News)",43,"Canada - GLOBAL News - English",safe_fallback,"{""BD2"":3}",
694,"CTV (Nigel Grok AI (Muskfund no musk) (Copy))",2,"Canada - CTV - English",safe_fallback,[],
695,"GLOBAL NEWS (Nigel Grok AI (Muskfund no musk) (Copy))",43,"Canada - GLOBAL News - English",bd_mapped,"{""BD2"":3}",
699,"BBC NEWS (Pierre Poilievre News (Copy))",6,"Global - BBC NEWS - English",safe_fallback,"{""BD2"":2}",
700,"CTV (Nigel Grok AI (Muskfund no musk))",2,"Canada - CTV - English",bd_mapped,[],
701,"CTV (Nigel Grok AI (Muskfund no musk) (Copy))",2,"Canada - CTV - English",bd_mapped,[],
702,"GLOBAL NEWS (Nigel Grok AI (Muskfund no musk) (Copy))",43,"Canada - GLOBAL News - English",bd_mapped,"{""BD2"":3}",
703,"TORONTO NEWS (Nigel Grok AI (Muskfund no musk) (Copy))",17,"Canada - TORONTO NEWS - English",bd_mapped,[],
704,"CTV NEWS (Nigel Grok AI (Muskfund no musk) (Copy))",10,"Canada - CTV - English",bd_mapped,[],
705,"CTV (Nigel Grok AI (Muskfund no musk) (Copy))",2,"Canada - CTV - English",bd_mapped,[],
706,"CTV NEWS (Nigel Grok AI (Muskfund no musk) (Copy))",10,"Canada - CTV - English",bd_mapped,[],
707,"TORONTO NEWS (Nigel Grok AI (Muskfund no musk) (Copy))",17,"Canada - TORONTO NEWS - English",bd_mapped,[],
708,"CTV NEWS (Nigel Grok AI (Muskfund no musk) (Copy))",10,"Canada - CTV - English",safe_fallback,[],
709,"TORONTO NEWS (Nigel Grok AI (Muskfund no musk) (Copy))",17,"Canada - TORONTO NEWS - English",safe_fallback,[],
710,"CTV NEWS (Nigel Grok AI (Muskfund no musk) (Copy))",10,"Canada - CTV - English",safe_fallback,[],
711,"TORONTO NEWS (Nigel Grok AI (Muskfund no musk) (Copy))",17,"Canada - TORONTO NEWS - English",safe_fallback,[],
712,"BBC NEWS (Pierre Poilievre News With Testimonial)",6,"Global - BBC NEWS - English",safe_fallback,"{""BD2"":2}",
713,"CTV (Pierre Poilievre News)",2,"Canada - CTV - English",bd_mapped,[],
714,"CTV (Pierre Poilievre News (Copy))",2,"Canada - CTV - English",bd_mapped,[],
715,"CTV (Pierre Poilievre News (Copy))",2,"Canada - CTV - English",bd_mapped,[],
716,"20 News (Pierre Poilievre News (Copy))",4,"Switzerland - 20 News - German",bd_mapped,"{""BD4"":2}",
717,"CTV (Pierre Poilievre News)",2,"Canada - CTV - English",bd_mapped,[],
718,"CTV (Pierre Poilievre News (Copy))",2,"Canada - CTV - English",bd_mapped,[],
719,"CTV (Pierre Poilievre News (Copy))",2,"Canada - CTV - English",bd_mapped,[],
720,"CTV (Pierre Poilievre News (Copy))",2,"Canada - CTV - English",bd_mapped,[],
721,"dinfoaktuell NEWS (Dinfoaktuell angle (ELPIS))",85,"Global - dinfoaktuell (WH) - German",safe_fallback,"{""BD3"":2}",
722,"HLN NEWS (Pierre Poilievre News With Testimonial)",86,"Belgium - HLN - Dutch",bd_mapped,"{""BD2"":2,""BD3"":2}",
723,"HLN NEWS (OG at the end)",86,"Belgium - HLN - Dutch",bd_mapped,"{""BD2"":2,""BD3"":2}",
724,"BILD NEWS (Nigel Grok AI (Muskfund no musk) (Copy) (Copy))",8,"Germany - BILD - German",safe_fallback,[],
725,"BILD NEWS (Nigel Grok AI (Muskfund no musk))",8,"Germany - BILD - German",safe_fallback,[],
728,"CTV (Pierre Poilievre News (Copy))",2,"Canada - CTV - English",safe_fallback,[],
735,"CTV (Nigel Grok AI (Muskfund no musk) (Copy))",2,"Canada - CTV - English",safe_fallback,[],
736,"Kronen NEWS (Benko)",19,"Austria - Kronen - German",safe_fallback,[],
737,"dinfoaktuell NEWS (dinfoaktuell NEWS (OG) (Novelix))",85,"Global - dinfoaktuell (WH) - German",bd_mapped,"{""BD3"":2}",
738,"dinfoaktuell NEWS (dinfoaktuell NEWS (OG) (Electra))",85,"Global - dinfoaktuell (WH) - German",safe_fallback,"{""BD3"":2}",
739,"dinfoaktuell NEWS (dinfoaktuell NEWS (OG) (ELPIS)",85,"Global - dinfoaktuell (WH) - German",safe_fallback,"{""BD3"":2}",
741,"7 Secrets Smart Professionals (7 Secrets)",87,"Global 7 Secrets (WH) - English",safe_fallback,"{""BD2"":2}",
743,"BBC NEWS (Nigel Grok AI (Muskfund no musk))",6,"Global - BBC NEWS - English",bd_mapped,"{""BD2"":2}",
744,"BBC NEWS (Andrews)",6,"Global - BBC NEWS - English",bd_mapped,"{""BD2"":2}",
746,"BBC NEWS (Andrews)",6,"Global - BBC NEWS - English",bd_mapped,"{""BD2"":2}",
747,"BBC NEWS (Andrews)",6,"Global - BBC NEWS - English",safe_fallback,"{""BD2"":2}",
748,"7 Secrets Smart Professionals (7 Secrets - German)",87,"Global 7 Secrets (WH) - English",safe_fallback,"{""BD2"":2}",
749,"7 Secrets Smart Professionals (7 Secrets - English)",87,"Global 7 Secrets (WH) - English",safe_fallback,"{""BD2"":2}",
750,"7 Secrets Smart Professionals (7 Secrets - English)",87,"Global 7 Secrets (WH) - English",safe_fallback,"{""BD2"":2}",
751,"7 Secrets Smart Professionals (7 Secrets - English)",87,"Global 7 Secrets (WH) - English",bd_mapped,"{""BD2"":2}",
752,"nieuwsblad (Pierre Poilievre News With Testimonial)",88,"Belgium - Nieuwsblad - Dutch",bd_mapped,"{""BD2"":2}",
753,"El Pais (Andrews)",13,"Spain - El Pais - Spanish",bd_mapped,[],
754,"dinfoaktuell NEWS NEWS (OG) (SelfHosted) - German",85,"Global - dinfoaktuell (WH) - German",safe_fallback,"{""BD3"":2}",
755,"dinfoaktuell NEWS NEWS (OG) (SelfHosted) - Spanish",85,"Global - dinfoaktuell (WH) - German",safe_fallback,"{""BD3"":2}",
756,"dinfoaktuell NEWS NEWS (OG) (SelfHosted) - Spanish - V2",85,"Global - dinfoaktuell (WH) - German",safe_fallback,"{""BD3"":2}",
757,"dinfoaktuell NEWS NEWS (OG) (SelfHosted) - English - SK",85,"Global - dinfoaktuell (WH) - German",safe_fallback,"{""BD3"":2}",
759,"7sur7 - Dutch (Pierre Poilievre News With Testimonial)",89,"Belgium - 7sur7 - Dutch",bd_mapped,"{""BD2"":2}",
760,"ACTUS - Dutch (Pierre Poilievre News With Testimonial)",91,"Belgium - ACTUS - Dutch",safe_fallback,[],
761,"sudinfo - Dutch (Pierre Poilievre News With Testimonial)",92,"Belgium - sudinfo - Dutch",bd_mapped,[],
762,"Eluniversal - Mexico (Pierre Poilievre News With Testimonial)",94,"Mexico - Eluniversal - Spanish",bd_mapped,[],
763,"Elfinanciero - Maxico (Pierre Poilievre News With Testimonial)",93,"Elfinanciero - Maxico",bd_mapped,"{""BD2"":2}",
764,"Infobae - Mexico (Pierre Poilievre News With Testimonial)",95,"Mexico - Infobae - Spanish",bd_mapped,"{""BD2"":2}",
765,"UNOTV - Mexico (Pierre Poilievre News With Testimonial)",96,"Mexico - UNOTV - Spanish",bd_mapped,"{""BD2"":2}",
766,"ABC - Australia (Pierre Poilievre News With Testimonial)",97,"Australia - ABC - English",bd_mapped,"{""BD2"":2,""BD3"":2}",
787,"BBC NEWS (Lord Alan Sugar)",6,"Global - BBC NEWS - English",safe_fallback,"{""BD2"":2}",
789,"dinfoaktuell NEWS NEWS (OG) (SelfHosted) - English - Australia",85,"Global - dinfoaktuell (WH) - German",safe_fallback,"{""BD3"":2}",
790,"dinfoaktuell NEWS NEWS (OG) (SelfHosted) - English - Australia - (ELPIS)",85,"Global - dinfoaktuell (WH) - German",safe_fallback,"{""BD3"":2}",
791,"Former bank - English (Former bank - English)",118,"Global - Former bank - English",bd_mapped,"{""BD2"":2}",
792,"dinfoaktuell NEWS (Former bank - English)",85,"Global - dinfoaktuell (WH) - German",safe_fallback,"{""BD3"":2}",
793,"dinfoaktuell NEWS NEWS (OB Edits) (SelfHosted) - German - No License",85,"Global - dinfoaktuell (WH) - German",safe_fallback,"{""BD3"":2}",
794,"dinfoaktuell NEWS NEWS (OB Edits) (SelfHosted) - German - License",85,"Global - dinfoaktuell (WH) - German",safe_fallback,"{""BD3"":2}",
796,"dinfoaktuell NEWS NEWS (OB Edits) (SelfHosted) - Spanish - No License",85,"Global - dinfoaktuell (WH) - German",safe_fallback,"{""BD3"":2}",
797,"dinfoaktuell NEWS NEWS (OB Edits) (SelfHosted) - Spanish - License",85,"Global - dinfoaktuell (WH) - German",safe_fallback,"{""BD3"":2}",
799,"WERBUNG - GERMAN (WERBUNG - GERMAN)",119,"Global - WERBUNG (WH) - GERMAN",bd_mapped,"{""BD2"":2}",
801,"EDGE Light (Lord Alan Sugar)",29,"Global - MSN EDGE Browser (Light) - English",bd_mapped,[],
802,"THE US SUN (Lord Alan Sugar)",35,"United States - THE US SUN - English",bd_mapped,[],
808,"finanzielleunterstutzung - German Built AI - (OB Edits) (Self Hosted) GERMAN  - License",119,"Global - WERBUNG (WH) - GERMAN",safe_fallback,"{""BD2"":2}",
810,"Bloomberg (Pierre Poilievre News With Testimonial)",3,"Global - Bloomberg - English",bd_mapped,[],
811,"20 News (Pierre Poilievre News With Testimonial)",4,"Switzerland - 20 News - German",bd_mapped,"{""BD4"":2}",
812,"Elmundo (Pierre Poilievre News With Testimonial)",1,"Spain - Elmundo - Spanish",bd_mapped,[],
813,"Global - Rolling Stone - English (Pierre Poilievre News With Testimonial)",120,"Global - Rolling Stone - English",bd_mapped,"{""BD2"":2}",
815,"BILD NEWS (Pierre Poilievre News With Testimonial)",8,"Germany - BILD - German",bd_mapped,[],
816,"SPIEGEL Netzwelt NEWS (Pierre Poilievre News With Testimonial)",22,"Germany - SPIEGEL Netzwelt - German",bd_mapped,"{""BD2"":3,""BD3"":3}",
817,"finanzielleunterstutzung - Trading System (OB Edits) (SelfHosted) - German - License",85,"Global - dinfoaktuell (WH) - German",safe_fallback,"{""BD3"":2}",
818,"SPIEGEL Netzwelt NEWS (Pierre Poilievre News With Testimonial)",22,"Germany - SPIEGEL Netzwelt - German",bd_mapped,"{""BD2"":3,""BD3"":3}",
819,"finanzielleunterstutzung - I dropped $2k on Trading (OB Edits) (SelfHosted) - German - License",85,"Global - dinfoaktuell (WH) - German",safe_fallback,"{""BD3"":2}",
820,"finanzielleunterstutzung - AI Next Big Trend - (Self Hosted) GERMAN",119,"Global - WERBUNG (WH) - GERMAN",safe_fallback,"{""BD2"":2}",
821,"Dagbladet NORWAY (Pierre Poilievre News With Testimonial)",60,"Norway - Dagbladet - Norwegian",bd_mapped,"{""BD4"":2}",
822,"E24 NORWAY (Pierre Poilievre News With Testimonial)",61,"Norway - E24 - Norwegian",bd_mapped,"{""BD4"":2,""BD3"":2}",
834,"finanzielleunterstutzung - German Built AI - (OB Edits) (Self Hosted) GERMAN  - No License",119,"Global - WERBUNG (WH) - GERMAN",safe_fallback,"{""BD2"":2}",
835,"finanzielleunterstutzung - Trading System (OB Edits) (SelfHosted) - German - No License",85,"Global - dinfoaktuell (WH) - German",safe_fallback,"{""BD3"":2}",
836,"finanzielleunterstutzung - I dropped $2k on Trading (OB Edits) (SelfHosted) - Spanish - License",85,"Global - dinfoaktuell (WH) - German",safe_fallback,"{""BD3"":2}",
838,"finanzielleunterstutzung - Spanish Built AI - (OB Edits) (Self Hosted) Spanish  - License",119,"Global - WERBUNG (WH) - GERMAN",safe_fallback,"{""BD2"":2}",
839,"finanzielleunterstutzung - Beta Testers (OB Edits) (SelfHosted) - Spanish - License",85,"Global - dinfoaktuell (WH) - German",safe_fallback,"{""BD3"":2}",
841,"finanzielleunterstutzung - I dropped $2k on Trading (OB Edits) (SelfHosted) - Italian - License",85,"Global - dinfoaktuell (WH) - German",safe_fallback,"{""BD3"":2}",
843,"finanzielleunterstutzung - Italian Built AI - (OB Edits) (Self Hosted) Italian  - License",119,"Global - WERBUNG (WH) - GERMAN",safe_fallback,"{""BD2"":2}",
844,"finanzielleunterstutzung - Beta Testers (OB Edits) (SelfHosted) - Italian - License",85,"Global - dinfoaktuell (WH) - German",safe_fallback,"{""BD3"":2}",
845,"finanzielleunterstutzung - Spanish Built AI - (OB Edits) (Self Hosted) Spanish  - No License",119,"Global - WERBUNG (WH) - GERMAN",safe_fallback,"{""BD2"":2}",
898,"Global - Betterliving - English (Pierre Poilievre News With Testimonial)",115,"Global - Betterliving - English",bd_mapped,[],
899,"Global - Betterliving - English (Pierre Poilievre News With Testimonial)",115,"Global - Betterliving - English",bd_mapped,[],
900,"Global - sixty and me - English (Pierre Poilievre News With Testimonial)",116,"Global - sixty and me - English",bd_mapped,[],
901,"finanzielleunterstutzung - Portuguese Built AI - (OB Edits) (Self Hosted) Portuguese  - No License",119,"Global - WERBUNG (WH) - GERMAN",safe_fallback,"{""BD2"":2}",
902,"finanzielleunterstutzung - Polish Built AI - (OB Edits) (Self Hosted) Polish  - License",119,"Global - WERBUNG (WH) - GERMAN",safe_fallback,"{""BD2"":2}",
903,"finanzielleunterstutzung - Austrian Built AI - (OB Edits) (Self Hosted) GERMAN  - No License",119,"Global - WERBUNG (WH) - GERMAN",safe_fallback,"{""BD2"":2}",
904,"finanzielleunterstutzung - Swiss Built AI - (OB Edits) (Self Hosted) GERMAN  - No License",119,"Global - WERBUNG (WH) - GERMAN",safe_fallback,"{""BD2"":2}",
905,"finanzielleunterstutzung - dinfoaktuell - German (OG) (Self Hosted)",85,"Global - dinfoaktuell (WH) - German",safe_fallback,"{""BD3"":2}",
906,"finanzielleunterstutzung - German Built AI - (OB Edits) (Self Hosted) GERMAN  - No License",119,"Global - WERBUNG (WH) - GERMAN",safe_fallback,"{""BD2"":2}",
912,"Former bank - English (Aktiver Ruhestand)",118,"Global - Former bank - English",safe_fallback,"{""BD2"":2}",
913,"Tagesschau NEWS (Alice Weidel)",16,"Germany - Tagesschau (light) - German",safe_fallback,[],
914,"WERBUNG - GERMAN (Alice Weidel)",119,"Global - WERBUNG (WH) - GERMAN",safe_fallback,"{""BD2"":2}",
916,"Suddeutsche Zeitung NEWS (Alice Weidel)",12,"Germany - Suddeutsche Zeitung - German",safe_fallback,"{""BD2"":2}",
917,"BILD NEWS (Alice Weidel)",8,"Germany - BILD - German",safe_fallback,[],
918,"Tagesschau NEWS (Alice Weidel)",16,"Germany - Tagesschau (light) - German",safe_fallback,[],
919,"BLACK RESEARCH - GERMAN (BLACK RESEARCH - GERMAN)",125,"Global - BLACK RESEARCH (WH) - GERMAN",safe_fallback,"{""BD2"":2}",
920,"anlegereinblicke - German (anlegereinblicke - German)",124,"Global - anlegereinblicke (WH) - German",bd_mapped,"{""BD2"":2}",
923,"Australia - 9 NEWS - English (Pierre Poilievre News With Testimonial)",18,"Australia - 9 NEWS - English",bd_mapped,[],
924,"Switzerland - Watson - German (Pierre Poilievre News With Testimonial)",5,"Switzerland - Watson - German",bd_mapped,"{""BD4"":2}",
925,"Global - MSN - (Light) - German (Karl Nehammer)",33,"Global - MSN - (Light) - German",bd_mapped,[],
926,"JF NEWS (Karl Nehammer)",39,"Germany - Junge Freiheit - German",bd_mapped,"{""BD2"":2}",
927,"NEWS - Australia (Karl Nehammer)",98,"Australia - news.com.au - English",bd_mapped,"{""BD2"":2}",
928,"FINZA NEWS (Karl Nehammer)",44,"Germany - FINZA - German",bd_mapped,"{""BD3"":2,""BD2"":2}",
929,"I Dropped $250 On A Trading  Bot (SelfHosted)",85,"Global - dinfoaktuell (WH) - German",safe_fallback,"{""BD3"":2}",
930,"finanzielleunterstutzung - Trading System (OB Edits) (SelfHosted) - German - License (Copy) (EN-US)",85,"Global - dinfoaktuell (WH) - German",safe_fallback,"{""BD3"":2}",
931,"Global - Former bank - English (Andrews)",118,"Global - Former bank - English",bd_mapped,"{""BD2"":2}",
932,"Global - Former bank - English (Former bank - English)",118,"Global - Former bank - English",bd_mapped,"{""BD2"":2}",
933,"Global - Former bank - English (Andrews)",118,"Global - Former bank - English",bd_mapped,"{""BD2"":2}",
934,"Global - Former bank - English (Former bank - English)",118,"Global - Former bank - English",bd_mapped,"{""BD2"":2}",
935,"Spain - Elmundo - Spanish (Pierre Poilievre News With Testimonial)",1,"Spain - Elmundo - Spanish",bd_mapped,[],
936,"Canada - CTV - English (Pierre Poilievre News With Testimonial)",2,"Canada - CTV - English",bd_mapped,[],
937,"Canada - CTV - English (Pierre Poilievre News With Testimonial)",2,"Canada - CTV - English",bd_mapped,[],
938,"Global - Bloomberg - English (Pierre Poilievre News With Testimonial)",3,"Global - Bloomberg - English",bd_mapped,[],
939,"Canada - CTV - English (Pierre Poilievre News With Testimonial)",2,"Canada - CTV - English",bd_mapped,[],
940,"Global - BBC NEWS - English (Pierre Poilievre News With Testimonial)",6,"Global - BBC NEWS - English",bd_mapped,"{""BD2"":2}",
941,"Canada - TORONTO NEWS - English (Pierre Poilievre News With Testimonial)",17,"Canada - TORONTO NEWS - English",bd_mapped,[],
942,"Canada - CBC - English (Pierre Poilievre News With Testimonial)",25,"Canada - CBC - English",bd_mapped,[],
943,"Global - MSN EDGE Browser (Dark) - German (Pierre Poilievre News With Testimonial)",28,"Global - MSN EDGE Browser (Dark) - German",bd_mapped,[],
944,"Germany - FINZA - German (Pierre Poilievre News With Testimonial)",44,"Germany - FINZA - German",bd_mapped,"{""BD3"":2,""BD2"":2}",
945,"Spain - Elmundo - Spanish (Pierre Poilievre News With Testimonial)",1,"Spain - Elmundo - Spanish",bd_mapped,[],
946,"Canada - CTV - English (Pierre Poilievre News With Testimonial)",2,"Canada - CTV - English",bd_mapped,[],
947,"Global - Bloomberg - English (Pierre Poilievre News With Testimonial)",3,"Global - Bloomberg - English",bd_mapped,[],
948,"Switzerland - 20 News - German (Pierre Poilievre News With Testimonial)",4,"Switzerland - 20 News - German",bd_mapped,"{""BD4"":2}",
949,"Switzerland - Watson - German (Pierre Poilievre News With Testimonial)",5,"Switzerland - Watson - German",bd_mapped,"{""BD4"":2}",
950,"Global - BBC NEWS - English (Pierre Poilievre News With Testimonial)",6,"Global - BBC NEWS - English",bd_mapped,"{""BD2"":2}",
951,"Germany - BILD - German (Pierre Poilievre News With Testimonial)",8,"Germany - BILD - German",bd_mapped,[],
952,"Switzerland - BLICK - German (Pierre Poilievre News With Testimonial)",9,"Switzerland - BLICK - German",bd_mapped,"{""BD4"":2}",
953,"Canada - CTV - English (Pierre Poilievre News With Testimonial)",10,"Canada - CTV - English",bd_mapped,[],
954,"Global - MSN (Light) - English (Pierre Poilievre News With Testimonial)",11,"Global - MSN (Light) - English",bd_mapped,[],
955,"Germany - Suddeutsche Zeitung - German (Pierre Poilievre News With Testimonial)",12,"Germany - Suddeutsche Zeitung - German",bd_mapped,"{""BD2"":2}",
956,"Spain - El Pais - Spanish (Pierre Poilievre News With Testimonial)",13,"Spain - El Pais - Spanish",bd_mapped,[],
957,"France - LE MONDE - French (Pierre Poilievre News With Testimonial)",14,"France - LE MONDE - French",bd_mapped,[],
958,"Global - CoinDesk English (Pierre Poilievre News With Testimonial)",15,"Global - CoinDesk English",bd_mapped,[],
959,"Germany - Tagesschau (light) - German (Pierre Poilievre News With Testimonial)",16,"Germany - Tagesschau (light) - German",bd_mapped,[],
960,"Canada - TORONTO NEWS - English (Pierre Poilievre News With Testimonial)",17,"Canada - TORONTO NEWS - English",bd_mapped,[],
961,"Australia - 9 NEWS - English (Pierre Poilievre News With Testimonial)",18,"Australia - 9 NEWS - English",bd_mapped,[],
962,"Austria - Kronen - German (Pierre Poilievre News With Testimonial)",19,"Austria - Kronen - German",bd_mapped,[],
963,"Global - ESPN - English (Pierre Poilievre News With Testimonial)",20,"Global - ESPN - English",bd_mapped,"{""BD2"":2}",
964,"Germany - SPIEGEL - German (Pierre Poilievre News With Testimonial)",21,"Germany - SPIEGEL - German",bd_mapped,"{""BD2"":2,""BD3"":2}",
965,"Germany - SPIEGEL Netzwelt - German (Pierre Poilievre News With Testimonial)",22,"Germany - SPIEGEL Netzwelt - German",bd_mapped,"{""BD2"":3,""BD3"":3}",
966,"Global - Facebook  (MSN Account) (Dark Theme) - English (Pierre Poilievre News With Testimonial)",23,"Global - Facebook  (MSN Account) (Dark Theme) - English",bd_mapped,"{""BD2"":2}",
967,"Global - Facebook (MSN Account) (Light Theme) - English (Pierre Poilievre News With Testimonial)",24,"Global - Facebook (MSN Account) (Light Theme) - English",bd_mapped,"{""BD2"":2}",
968,"Canada - CBC - English (Pierre Poilievre News With Testimonial)",25,"Canada - CBC - English",bd_mapped,[],
969,"Global - FOX - English (Pierre Poilievre News With Testimonial)",26,"Global - FOX - English",bd_mapped,"{""BD2"":2}",
970,"Global - MSN EDGE Browser (Dark) - English (Pierre Poilievre News With Testimonial)",27,"Global - MSN EDGE Browser (Dark) - English",bd_mapped,[],
971,"Global - MSN EDGE Browser (Dark) - German (Pierre Poilievre News With Testimonial)",28,"Global - MSN EDGE Browser (Dark) - German",bd_mapped,[],
972,"Global - MSN EDGE Browser (Light) - English (Pierre Poilievre News With Testimonial)",29,"Global - MSN EDGE Browser (Light) - English",bd_mapped,[],
973,"Global - MSN EDGE Browser (Light) - German (Pierre Poilievre News With Testimonial)",30,"Global - MSN EDGE Browser (Light) - German",bd_mapped,[],
974,"Global - MSN - (Dark) - English (Pierre Poilievre News With Testimonial)",31,"Global - MSN - (Dark) - English",bd_mapped,[],
975,"Global - MSN - (Dark) - German (Pierre Poilievre News With Testimonial)",32,"Global - MSN - (Dark) - German",bd_mapped,[],
976,"Global - MSN - (Light) - German (Pierre Poilievre News With Testimonial)",33,"Global - MSN - (Light) - German",bd_mapped,[],
977,"Global - CBS - English (Pierre Poilievre News With Testimonial)",34,"Global - CBS - English",bd_mapped,"{""BD2"":2}",
978,"United States - THE US SUN - English (Pierre Poilievre News With Testimonial)",35,"United States - THE US SUN - English",bd_mapped,[],
979,"UK - SKY NEWS - English (Pierre Poilievre News With Testimonial)",36,"UK - SKY NEWS - English",bd_mapped,[],
980,"Global - NYSE - English (Pierre Poilievre News With Testimonial)",37,"Global - NYSE - English",bd_mapped,"{""BD2"":2,""BD3"":2}",
981,"Global - FINANCIAL TIMES - English (Pierre Poilievre News With Testimonial)",38,"Global - FINANCIAL TIMES - English",bd_mapped,[],
982,"Germany - Junge Freiheit - German (Pierre Poilievre News With Testimonial)",39,"Germany - Junge Freiheit - German",bd_mapped,"{""BD2"":2}",
983,"Global - POLITICO - English (Pierre Poilievre News With Testimonial)",40,"Global - POLITICO - English",bd_mapped,[],
984,"Global - YAHOO! - English (Pierre Poilievre News With Testimonial)",41,"Global - YAHOO! - English",bd_mapped,[],
985,"Global - CNN - English (Pierre Poilievre News With Testimonial)",42,"Global - CNN - English",bd_mapped,[],
986,"Canada - GLOBAL News - English (Pierre Poilievre News With Testimonial)",43,"Canada - GLOBAL News - English",bd_mapped,"{""BD2"":3}",
987,"Germany - FINZA - German (Pierre Poilievre News With Testimonial)",44,"Germany - FINZA - German",bd_mapped,"{""BD3"":2,""BD2"":2}",
988,"Global - MSN EDGE (Dark) - Spanish (Pierre Poilievre News With Testimonial)",45,"Global - MSN EDGE (Dark) - Spanish",bd_mapped,[],
989,"Global - MSN (Dark) - Spanish (Pierre Poilievre News With Testimonial)",46,"Global - MSN (Dark) - Spanish",bd_mapped,[],
990,"Global - MSN (Light) - Spanish (Pierre Poilievre News With Testimonial)",47,"Global - MSN (Light) - Spanish",bd_mapped,[],
991,"France - ouest - French (Pierre Poilievre News With Testimonial)",48,"France - ouest - French",bd_mapped,"{""BD2"":2,""BD3"":2}",
992,"Global - Reddit (One) - English (Pierre Poilievre News With Testimonial)",49,"Global - Reddit (One) - English",bd_mapped,"{""BD3"":3}",
993,"Global - Reddit - Wallstreetbets - Light - English (Pierre Poilievre News With Testimonial)",50,"Global - Reddit - Wallstreetbets - Light - English",bd_mapped,"{""BD3"":3,""BD2"":2}",
994,"Global - Reddit - Wallstreetbets - Light - German (Pierre Poilievre News With Testimonial)",51,"Global - Reddit - Wallstreetbets - Light - German",bd_mapped,"{""BD3"":3,""BD2"":2}",
995,"Global - Reddit - Wallstreetbets - Light - Spanish (Pierre Poilievre News With Testimonial)",52,"Global - Reddit - Wallstreetbets - Light - Spanish",bd_mapped,"{""BD3"":3,""BD2"":2}",
996,"Global - Reddit - Wallstreetbets - Dark - English (Pierre Poilievre News With Testimonial)",53,"Global - Reddit - Wallstreetbets - Dark - English",bd_mapped,"{""BD3"":3,""BD2"":2}",
997,"Global - Reddit - Wallstreetbets - Dark - German (Pierre Poilievre News With Testimonial)",54,"Global - Reddit - Wallstreetbets - Dark - German",bd_mapped,"{""BD3"":3,""BD2"":2}",
998,"Global - Reddit - Wallstreetbets - Dark - Spanish (Pierre Poilievre News With Testimonial)",55,"Global - Reddit - Wallstreetbets - Dark - Spanish",bd_mapped,"{""BD3"":3,""BD2"":2}",
999,"France - Le Monde - French (Pierre Poilievre News With Testimonial)",56,"France - Le Monde - French",bd_mapped,"{""BD2"":2,""BD3"":2}",
1000,"France - Politique - French (Pierre Poilievre News With Testimonial)",57,"France - Politique - French",bd_mapped,"{""BD2"":3,""BD3"":4}",
1001,"France - LEXPRESS - French (Pierre Poilievre News With Testimonial)",58,"France - LEXPRESS - French",bd_mapped,"{""BD2"":2,""BD3"":3}",
1002,"Norway - VG - Norwegian (Pierre Poilievre News With Testimonial)",59,"Norway - VG - Norwegian",bd_mapped,"{""BD4"":3}",
1003,"Norway - Dagbladet - Norwegian (Pierre Poilievre News With Testimonial)",60,"Norway - Dagbladet - Norwegian",bd_mapped,"{""BD4"":2}",
1004,"Norway - E24 - Norwegian (Pierre Poilievre News With Testimonial)",61,"Norway - E24 - Norwegian",bd_mapped,"{""BD4"":2,""BD3"":2}",
1005,"Norway - Nettavisen Nyheter - Norwegian (Pierre Poilievre News With Testimonial)",62,"Norway - Nettavisen Nyheter - Norwegian",bd_mapped,[],
1006,"Norway - Aftenpoften - Norwegian (Pierre Poilievre News With Testimonial)",63,"Norway - Aftenpoften - Norwegian",bd_mapped,"{""BD2"":2,""BD3"":2}",
1007,"Portugal - SAPO 30 ANOS - Portuguese (Pierre Poilievre News With Testimonial)",64,"Portugal - SAPO 30 ANOS - Portuguese",bd_mapped,"{""BD3"":3,""BD4"":2}",
1008,"Portugal - Record - Portuguese (Pierre Poilievre News With Testimonial)",65,"Portugal - Record - Portuguese",bd_mapped,"{""BD3"":3,""BD4"":2}",
1009,"Portugal - iol - Portuguese (Pierre Poilievre News With Testimonial)",66,"Portugal - iol - Portuguese",bd_mapped,"{""BD2"":2}",
1010,"Portugal - CORREIO - Portuguese (Pierre Poilievre News With Testimonial)",67,"Portugal - CORREIO - Portuguese",bd_mapped,"{""BD2"":2,""BD3"":3}",
1011,"PORTUGAL - POLITICA-AO-MINUTO - Portuguese (Pierre Poilievre News With Testimonial)",68,"PORTUGAL - POLITICA-AO-MINUTO - Portuguese",bd_mapped,"{""BD3"":3}",
1012,"Italy - CORRIERE DELLA SERA - ITALIAN (Pierre Poilievre News With Testimonial)",69,"Italy - CORRIERE DELLA SERA - ITALIAN",bd_mapped,"{""BD3"":2,""BD2"":2}",
1013,"Italy - La Repubblica - Italian (Pierre Poilievre News With Testimonial)",70,"Italy - La Repubblica - Italian",bd_mapped,"{""BD3"":4}",
1014,"Italy - NOTIZIE - ITALIAN (Pierre Poilievre News With Testimonial)",71,"Italy - NOTIZIE - ITALIAN",bd_mapped,"{""BD3"":2}",
1015,"Italy - fanpage - ITALIAN (Pierre Poilievre News With Testimonial)",72,"Italy - fanpage - ITALIAN",bd_mapped,"{""BD3"":3,""BD2"":2}",
1016,"Italy - ANSA - ITALIAN (Pierre Poilievre News With Testimonial)",73,"Italy - ANSA - ITALIAN",bd_mapped,"{""BD2"":2,""BD3"":2}",
1017,"Japan - Yahoo - Japanese (Pierre Poilievre News Dark Spanish)",74,"Japan - Yahoo - Japanese",bd_mapped,"{""BD2"":2}",
1018,"Global - ESPN - English (Pierre Poilievre News Dark)",20,"Global - ESPN - English",bd_mapped,"{""BD2"":2}",
1019,"Germany - BILD - German (Karl Nehammer)",8,"Germany - BILD - German",bd_mapped,[],
1020,"finanzielleunterstutzung - Swiss Built AI - (OB Edits) (Self Hosted) GERMAN  - No License - V2",119,"Global - WERBUNG (WH) - GERMAN",safe_fallback,"{""BD2"":2}",
1021,"finanzielleunterstutzung - dinfoaktuell - German (OG) (Self Hosted) - V1",85,"Global - dinfoaktuell (WH) - German",safe_fallback,"{""BD3"":2}",
1022,"finanzielleunterstutzung - German Built AI - (OB Edits) (Self Hosted) GERMAN  - No License - V1",119,"Global - WERBUNG (WH) - GERMAN",safe_fallback,"{""BD2"":2}",
1023,"English - Elon Musk Twitter (Pierre Poilievre News With Testimonial)",132,"English - Elon Musk Twitter",bd_mapped,[],
1024,"BLACK RESEARCH - GERMAN (BLACK RESEARCH - GERMAN) - WHW",125,"Global - BLACK RESEARCH (WH) - GERMAN",safe_fallback,"{""BD2"":2}",
1025,"finanzielleunterstutzung - New For Germans - German (OG) (Self Hosted) - V1",85,"Global - dinfoaktuell (WH) - German",safe_fallback,"{""BD3"":2}",
1028,"Global - Former Bank Worker (WH) - English",85,"Global - dinfoaktuell (WH) - German",safe_fallback,"{""BD3"":2}",
1029,"Global - Former Bank Worker (WH) - German - No License",85,"Global - dinfoaktuell (WH) - German",safe_fallback,"{""BD3"":2}",
1030,"Global - ESPN - English (Pierre Poilievre News)",20,"Global - ESPN - English",bd_mapped,"{""BD2"":2}",
1035,"Global - Former Bank Worker (WH) - German - License (Taboola Edits)",85,"Global - dinfoaktuell (WH) - German",safe_fallback,"{""BD3"":2}",
1036,"Germany - Tagesschau (light) - German (Alice Weidel (Copy))",16,"Germany - Tagesschau (light) - German",safe_fallback,[],
1045,"Thailand - thairath.co.th - Thai (Pierre Poilievre News With Testimonial)",135,"Thailand - thairath.co.th - Thai",bd_mapped,"{""BD2"":2}",
1046,"Global - AI Brain (WH) - English",85,"Global - dinfoaktuell (WH) - German",safe_fallback,"{""BD3"":2}",
1047,"Global - AI Brain (WH) - German (Outbrain)",85,"Global - dinfoaktuell (WH) - German",safe_fallback,"{""BD3"":2}",
1052,"Global - AI Brain (WH) - German (Copy) (ES)",85,"Global - dinfoaktuell (WH) - German",safe_fallback,"{""BD3"":2}",
1059,"BLACK RESEARCH - GERMAN (BLACK RESEARCH - GERMAN) (Copy) (EN-US)",125,"Global - BLACK RESEARCH (WH) - GERMAN",safe_fallback,"{""BD2"":2}",
1060,"finanzielleunterstutzung - German Built AI - (OB Edits) (Self Hosted) GERMAN  - No License (Copy) (PL)",119,"Global - WERBUNG (WH) - GERMAN",safe_fallback,"{""BD2"":2}",
1061,"finanzielleunterstutzung - Polish Built AI - (OB Edits) (Self Hosted) Polish  - License (Copy) (EN-US)",119,"Global - WERBUNG (WH) - GERMAN",safe_fallback,"{""BD2"":2}",
1062,"Global - AI Brain (WH) - German (Copy) (EN-US)",85,"Global - dinfoaktuell (WH) - German",safe_fallback,"{""BD3"":2}",
1063,"NEWS - Australia (Karl Nehammer) (Copy) (EN-US)",98,"Australia - news.com.au - English",safe_fallback,"{""BD2"":2}",
1067,"BLACK RESEARCH - GERMAN (BLACK RESEARCH - GERMAN) (Copy) (EN-US)",125,"Global - BLACK RESEARCH (WH) - GERMAN",safe_fallback,"{""BD2"":2}",
1068,"finanzielleunterstutzung - Austrian Built AI - (OB Edits) (Self Hosted) GERMAN  - No License (Copy) (EN-US)",119,"Global - WERBUNG (WH) - GERMAN",safe_fallback,"{""BD2"":2}",
1069,"finanzielleunterstutzung - I dropped $2k on Trading (OB Edits) (SelfHosted) - Spanish - License (Copy) (EN-US)",85,"Global - dinfoaktuell (WH) - German",safe_fallback,"{""BD3"":2}",
1070,"dinfoaktuell NEWS NEWS (OG) (SelfHosted) - English - SK",85,"Global - dinfoaktuell (WH) - German",safe_fallback,"{""BD3"":2}",
1071,"Switzerland - BLICK - German (CH1 (Copy))",9,"Switzerland - BLICK - German",safe_fallback,"{""BD4"":2}",
1072,"Switzerland - 20 News - German (CH1 (Copy))",4,"Switzerland - 20 News - German",safe_fallback,"{""BD4"":2}",
1073,"Switzerland - Watson - German (CH1 (Copy))",5,"Switzerland - Watson - German",safe_fallback,"{""BD4"":2}",
1074,"Canada - CTV - English (CA AI)",2,"Canada - CTV - English",safe_fallback,[],
1075,"Canada - CBC - English (CA AI)",25,"Canada - CBC - English",safe_fallback,[],
1077,"Canada - TORONTO NEWS - English (CA AI)",17,"Canada - TORONTO NEWS - English",safe_fallback,[],
1079,"Copper (OG) (SelfHosted) - German - SK (DE)",85,"Global - dinfoaktuell (WH) - German",safe_fallback,"{""BD3"":2}",
1080,"Australia - 9 NEWS - English (AUS AI (Copy))",18,"Australia - 9 NEWS - English",safe_fallback,[],
1081,"Australia - ABC - English (AUS AI (Copy))",97,"Australia - ABC - English",safe_fallback,"{""BD2"":2,""BD3"":2}",
1082,"Australia - news.com.au - English (AUS AI (Copy))",98,"Australia - news.com.au - English",safe_fallback,"{""BD2"":2}",
1084,"Poland - onet - Polish (PL AI)",79,"Poland - onet - Polish",safe_fallback,"{""BD2"":2,""BD3"":2}",
1085,"Poland - gazeta - Polish (PL AI)",80,"Poland - gazeta - Polish",safe_fallback,"{""BD3"":2,""BD2"":2}",
1086,"Poland - O2 - Polish (PL AI)",81,"Poland - O2 - Polish",bd_mapped,[],
1087,"Poland - Wiadomosci - Polish (PL AI)",82,"Poland - Wiadomosci - Polish",safe_fallback,[],
1088,"Poland - Wydarzenia - Polish (PL AI)",83,"Poland - Wydarzenia - Polish",safe_fallback,"{""BD2"":2}",
1091,"Canada - CTV - English (CA AI Carney)",10,"Canada - CTV - English",safe_fallback,[],
1092,"Canada - TORONTO NEWS - English (CA AI Carney)",17,"Canada - TORONTO NEWS - English",safe_fallback,[],
1093,"Canada - CBC - English (CA AI Carney)",25,"Canada - CBC - English",safe_fallback,[],
1095,"finanzielleunterstutzung - German Built AI - (OB Edits) (Self Hosted) GERMAN  - License (Copy) (EN-US)",119,"Global - WERBUNG (WH) - GERMAN",safe_fallback,"{""BD2"":2}",
1096,"finanzielleunterstutzung - dinfoaktuell - German (OG) (Self Hosted) (Taboola Edits)",85,"Global - dinfoaktuell (WH) - German",safe_fallback,"{""BD3"":2}",
1097,"dinfoaktuell NEWS NEWS (OG) (SelfHosted) - English - SK (Copy) (DE)",85,"Global - dinfoaktuell (WH) - German",safe_fallback,"{""BD3"":2}",
1098,"Global - AI Brain (WH) - German (Taboola)",85,"Global - dinfoaktuell (WH) - German",safe_fallback,"{""BD3"":2}",
1099,"Global - Ingenious Investors (WH) - German (Taboola) - SK",85,"Global - dinfoaktuell (WH) - German",safe_fallback,"{""BD3"":2}",
1102,"Germany - Taggeschu - German - (2025) (Epstein Files DE)",109,"Germany - Taggeschu - German - (2025)",safe_fallback,"{""BD2"":2,""BD3"":2}",
1103,"Canada - TORONTO NEWS - English (Epstein Files CA)",17,"Canada - TORONTO NEWS - English",safe_fallback,[],
1104,"Canada - CBC - English (Epstein Files CA)",25,"Canada - CBC - English",safe_fallback,[],
1105,"Global - Ingenious Investors (WH) - German (Taboola) - SK (Copy)",85,"Global - dinfoaktuell (WH) - German",safe_fallback,"{""BD3"":2}",
1106,"Global - Ingenious Investors (WH) - German (Taboola) - SK (Copy) (DE)",85,"Global - dinfoaktuell (WH) - German",safe_fallback,"{""BD3"":2}",
1107,"dinfoaktuell NEWS NEWS (OG) (SelfHosted) - English - SK (Copy) (DE) (Copy)",85,"Global - dinfoaktuell (WH) - German",safe_fallback,"{""BD3"":2}",
1108,"Gen Z German Traders - English - SK (OTP-NoImage)",85,"Global - dinfoaktuell (WH) - German",safe_fallback,"{""BD3"":2}",
1109,"Germany - Taggeschu - German - (2025) (Epstein Files DE) (Copy)",109,"Germany - Taggeschu - German - (2025)",safe_fallback,"{""BD2"":2,""BD3"":2}",
1111,"Gen Z German Traders - English - SK - OTP Image",85,"Global - dinfoaktuell (WH) - German",safe_fallback,"{""BD3"":2}",
1114,"Gen Z German Traders - English - SK (OTP-NoImage) (Copy)",85,"Global - dinfoaktuell (WH) - German",safe_fallback,"{""BD3"":2}",
1115,"dinfoaktuell NEWS NEWS (OG) (SelfHosted) - English - SK (Copy) (DE) (Copy)",85,"Global - dinfoaktuell (WH) - German",safe_fallback,"{""BD3"":2}",
1116,"Germany - Taggeschu - German - (2025) (Alice W)",109,"Germany - Taggeschu - German - (2025)",safe_fallback,"{""BD2"":2,""BD3"":2}",
1117,"Germany - Taggeschu - German - (2025) (de-corinn_milborn quantum_ai)",109,"Germany - Taggeschu - German - (2025)",bd_mapped,"{""BD2"":2,""BD3"":2}",
1118,"Germany - Taggeschu - German - (2025) (de-roger_schawinski Quantum_AI)",109,"Germany - Taggeschu - German - (2025)",bd_mapped,"{""BD2"":2,""BD3"":2}",
1119,"Germany - Taggeschu - German - (2025) (lindler)",109,"Germany - Taggeschu - German - (2025)",safe_fallback,"{""BD2"":2,""BD3"":2}",
1120,"Germany - Taggeschu - German - (2025) (swiss-sven-epiney bitcoin-breaker long)",109,"Germany - Taggeschu - German - (2025)",bd_mapped,"{""BD2"":2,""BD3"":2}",
1121,"Germany - Taggeschu - German - (2025) (Habeck Resigns)",109,"Germany - Taggeschu - German - (2025)",bd_mapped,"{""BD2"":2,""BD3"":2}",
1122,"Germany - Taggeschu - German - (2025) (Muskfund DE (Copy))",109,"Germany - Taggeschu - German - (2025)",bd_mapped,"{""BD2"":2,""BD3"":2}",
1123,"Germany - Taggeschu - German - (2025) (Benko)",109,"Germany - Taggeschu - German - (2025)",bd_mapped,"{""BD2"":2,""BD3"":2}",
1124,"Germany - Taggeschu - German - (2025) (Germany - Weltderveerbaucher.de - German)",109,"Germany - Taggeschu - German - (2025)",bd_mapped,"{""BD2"":2,""BD3"":2}",
1126,"Germany - Taggeschu - German - (2025) (SK)",109,"Germany - Taggeschu - German - (2025)",safe_fallback,"{""BD2"":2,""BD3"":2}",
1127,"Germany - Taggeschu - German - (2025) (SK) (OG)",109,"Germany - Taggeschu - German - (2025)",safe_fallback,"{""BD2"":2,""BD3"":2}",
1128,"Germany - Taggeschu - German - (2025) (SK) - English - Template",109,"Germany - Taggeschu - German - (2025)",safe_fallback,"{""BD2"":2,""BD3"":2}",
1130,"Germany - Taggeschu - German - (2025) (Alice W) OTP",109,"Germany - Taggeschu - German - (2025)",safe_fallback,"{""BD2"":2,""BD3"":2}",
1131,"Germany - Taggeschu - Merz / Zentrums - German - OTP",109,"Germany - Taggeschu - German - (2025)",safe_fallback,"{""BD2"":2,""BD3"":2}",
1132,"Germany - Taggeschu - German - Alice Arrest",109,"Germany - Taggeschu - German - (2025)",safe_fallback,"{""BD2"":2,""BD3"":2}",
1133,"Zimmer - Taggeschu - English - (2025) (SK) (Copy)",109,"Germany - Taggeschu - German - (2025)",safe_fallback,"{""BD2"":2,""BD3"":2}",
1134,"Germany - Taggeschu - Merz / Zentrums - German - No OTP",109,"Germany - Taggeschu - German - (2025)",safe_fallback,"{""BD2"":2,""BD3"":2}",
1135,"Germany - Taggeschu - German - Alice Arrest OTP",109,"Germany - Taggeschu - German - (2025)",safe_fallback,"{""BD2"":2,""BD3"":2}",
1136,"Canada - TORONTO NEWS - English (Epstein Files CA) (Copy)",17,"Canada - TORONTO NEWS - English",safe_fallback,[],
1138,"Dinfoaktuell - Auntrix Cipher AI - BH OB (finanzentaglich)",85,"Global - dinfoaktuell (WH) - German",safe_fallback,"{""BD3"":2}",
1139,"Global - Former Bank Worker (WH) - German - No License (finanzentaglich.com)",85,"Global - dinfoaktuell (WH) - German",safe_fallback,"{""BD3"":2}",
1142,"Global - AI Brain (WH) - German (Outbrain) (finanzentaglich.com)",85,"Global - dinfoaktuell (WH) - German",safe_fallback,"{""BD3"":2}",
1143,"Germany - Tagesschau (light) - German (Alice Weidel Video, OTP)",16,"Germany - Tagesschau (light) - German",safe_fallback,[],
1144,"Canada - TORONTO NEWS - English (Epstein Files CA) (Copy)",17,"Canada - TORONTO NEWS - English",safe_fallback,[],
1145,"finanzielleunterstutzung - German Built AI - (OB Edits) (Self Hosted) GERMAN  - License (Copy)",119,"Global - WERBUNG (WH) - GERMAN",safe_fallback,"{""BD2"":2}",
1146,"Germany - Tagesschau (light) - German (Alice Weidel (Copy)) (Copy)",16,"Germany - Tagesschau (light) - German",safe_fallback,[],
1148,"Canada - Toronto Star - Musk - X Financial (Chase)",17,"Canada - TORONTO NEWS - English",safe_fallback,[],
1149,"Germany - Taggeschu - German - (2025) (Karl Nehammer)",109,"Germany - Taggeschu - German - (2025)",bd_mapped,"{""BD2"":2,""BD3"":2}",
1154,"OFFER - CanVest - English (OFFER - CanVest - ENGLISH)",141,"OFFER - CanVest - English",bd_mapped,[],
1155,"OFFER - CanVest - English (OFFER - CanVest - ENGLISH)",141,"OFFER - CanVest - English",bd_mapped,[],
1156,"OFFER - CanVest - English (OFFER - CanVest - ENGLISH)",141,"OFFER - CanVest - English",bd_mapped,[],
1157,"Dinfoaktuell - Auntrix Cipher AI - BH OB (finanzentaglich) - OTP",85,"Global - dinfoaktuell (WH) - German",safe_fallback,"{""BD3"":2}",
1158,"Germany - Taggeschu - German - Merz ProfitGPT OTP",109,"Germany - Taggeschu - German - (2025)",safe_fallback,"{""BD2"":2,""BD3"":2}",
1159,"OFFER - ProfitGPT - German",141,"OFFER - CanVest - English",safe_fallback,[],
1160,"Germany - Taggeschu - German - Merz ProfitGPT",109,"Germany - Taggeschu - German - (2025)",safe_fallback,"{""BD2"":2,""BD3"":2}",
1161,"Germany - Taggeschu - German - Alice Arrest",109,"Germany - Taggeschu - German - (2025)",safe_fallback,"{""BD2"":2,""BD3"":2}",
1162,"OFFER - DeutVest - German",141,"OFFER - CanVest - English",safe_fallback,[],
1163,"Germany - BILD - German (Richard Lugnre)",8,"Germany - BILD - German",bd_mapped,[],
1164,"Germany - Junge Freiheit - German (Richard Lugnre)",39,"Germany - Junge Freiheit - German",bd_mapped,"{""BD2"":2}",
1165,"Germany - n-tv.com - German (Richard Lugnre)",134,"Germany - n-tv.com - German",bd_mapped,"{""BD2"":2}",
1166,"Germany - BILD - German (lindler)",8,"Germany - BILD - German",bd_mapped,[],
1167,"Germany - Junge Freiheit - German (lindler)",39,"Germany - Junge Freiheit - German",safe_fallback,"{""BD2"":2}",
1168,"Germany - n-tv.com - German (lindler)",134,"Germany - n-tv.com - German",bd_mapped,"{""BD2"":2}",
1169,"Germany - Taggeschu - German - (2025) (lindler)",109,"Germany - Taggeschu - German - (2025)",safe_fallback,"{""BD2"":2,""BD3"":2}",
1170,"OFFER - CanVest - English (OFFER - CanVest - ENGLISH)",141,"OFFER - CanVest - English",bd_mapped,[],
1171,"OFFER - CanFi - English",141,"OFFER - CanVest - English",safe_fallback,[],
1172,"Germany - n-tv.com - German (lindler)",134,"Germany - n-tv.com - German",bd_mapped,"{""BD2"":2}",
1173,"Global - MSN EDGE Browser (Dark) - English (Carney With Testimonial - CanFi)",27,"Global - MSN EDGE Browser (Dark) - English",bd_mapped,[],
1174,"Global - MSN EDGE Browser (Light) - English (Carney With Testimonial - CanFi)",29,"Global - MSN EDGE Browser (Light) - English",safe_fallback,[],
1175,"Global - MSN (Light) - English (Carney With Testimonial - CanFi)",11,"Global - MSN (Light) - English",safe_fallback,[],
1176,"Canada - CBC - English (Pierre Poilievre News Dark With Testimonial)",25,"Canada - CBC - English",bd_mapped,[],
1178,"Global - MSN EDGE Browser (Light) - English (Carney With Testimonial - CanFi)",29,"Global - MSN EDGE Browser (Light) - English",bd_mapped,[],
1179,"Astrology - Taggeschu - English - (2026) (SK)",109,"Germany - Taggeschu - German - (2025)",safe_fallback,"{""BD2"":2,""BD3"":2}",
1180,"Germany - Taggeschu - German - MerzGPT",109,"Germany - Taggeschu - German - (2025)",safe_fallback,"{""BD2"":2,""BD3"":2}",
1183,"Offer - CanFi V2 - English (Offer - CanFi V2 - Engllish)",144,"Offer - CanFi V2 - English",bd_mapped,[],
1184,"Offer - CanFi V2 - English (Offer - CanFi V2 - Engllish)",144,"Offer - CanFi V2 - English",safe_fallback,[],
1187,"Germany - Taggeschu - German - (2025) (The Merz Plan - (German))",109,"Germany - Taggeschu - German - (2025)",bd_mapped,"{""BD2"":2,""BD3"":2}",
1188,"Germany - n-tv.com - German (The Merz Plan - (German))",134,"Germany - n-tv.com - German",safe_fallback,"{""BD2"":2}",
1189,"Germany - Taggeschu - German - ProfitGPT OpenAI",109,"Germany - Taggeschu - German - (2025)",safe_fallback,"{""BD2"":2,""BD3"":2}",
1190,"Global - Former Bank Worker (WH) - Spanish",85,"Global - dinfoaktuell (WH) - German",safe_fallback,"{""BD3"":2}",
1191,"dinfoaktuell NEWS NEWS (OG) (SelfHosted) - Spanish (Copy)",85,"Global - dinfoaktuell (WH) - German",safe_fallback,"{""BD3"":2}",
1192,"OFFER - CanFi - English - OTP",141,"OFFER - CanVest - English",safe_fallback,[],
1193,"Offer - CanFi V2 - English (Offer - CanFi V2 - Engllish) (Copy)",144,"Offer - CanFi V2 - English",safe_fallback,[],
1196,"EDGE Dark (Pierre Poilievre News) (Copy)",27,"Global - MSN EDGE Browser (Dark) - English",bd_mapped,[],
1199,"dinfoaktuell NEWS NEWS (OG) (SelfHosted) - Spanish (Copy) (Copy)",85,"Global - dinfoaktuell (WH) - German",safe_fallback,"{""BD3"":2}",
1200,"EDGE Dark (Pierre Poilievre News)",27,"Global - MSN EDGE Browser (Dark) - English",bd_mapped,[],
1201,"CBS NEWS (Pierre Poilievre News)",34,"Global - CBS - English",safe_fallback,"{""BD2"":2}",
1202,"EDGE Dark German (Pierre Poilievre News)",28,"Global - MSN EDGE Browser (Dark) - German",bd_mapped,[],
1203,"SKY NEWS (Pierre Poilievre News)",36,"UK - SKY NEWS - English",bd_mapped,[],
1204,"JF NEWS (Pierre Poilievre News)",39,"Germany - Junge Freiheit - German",safe_fallback,"{""BD2"":2}",
1205,"POLITICO NEWS (Pierre Poilievre News)",40,"Global - POLITICO - English",safe_fallback,[],
1206,"FINANCIAL TIMES (Pierre Poilievre News)",38,"Global - FINANCIAL TIMES - English",safe_fallback,[],
1207,"Global - YAHOO! - English (Vscode-user)",41,"Global - YAHOO! - English",safe_fallback,[],
1219,"Global - MSN EDGE Browser (Light) - English (Carney With Testimonial - CanFi) (Copy)",46,"Global - MSN (Dark) - Spanish",bd_mapped,[],
